id,first_name,last_name,email,gender,joiningDate,age
1,Dani,Attack,dattack0@alibaba.com,Male,2011-09-28,53
2,Kendrick,Acors,kacors1@sbwire.com,Male,2003-09-12,38
3,Jeffrey,Mc Caghan,jmccaghan2@amazonaws.com,Male,2008-10-15,25
4,Gayelord,Monahan,gmonahan3@rambler.ru,Male,2019-06-22,49
5,Eryn,Mailes,emailes4@bizjournals.com,Female,2015-12-20,37
6,Brietta,Haggard,bhaggard5@japanpost.jp,Female,2000-11-30,50
7,Syman,Bargh,sbargh6@cnbc.com,Male,2005-09-18,52
8,Abagail,Thornally,athornally7@hc360.com,Female,2006-04-21,26
9,Ursa,Stroud,ustroud8@eventbrite.com,Female,2000-11-17,22
10,Syman,Mortimer,smortimer9@wiley.com,Male,2018-07-12,44
11,Konstantin,Du Fray,kdufraya@bigcartel.com,Male,2015-04-03,55
12,Jody,Geater,jgeaterb@aol.com,Male,2007-06-28,48
13,Dayle,Fursey,dfurseyc@privacy.gov.au,Female,2013-01-16,34
14,Drusy,Kerin,dkerind@ted.com,Female,2017-05-14,42
15,Frants,Connechy,fconnechye@twitter.com,Male,2007-12-04,39
16,Barbee,Prynne,bprynnef@yale.edu,Female,2018-02-05,50
17,Jordanna,Lusk,jluskg@cloudflare.com,Female,2015-07-26,32
18,Wallace,Loyd,wloydh@earthlink.net,Male,2006-10-30,49
19,Dalis,Gleave,dgleavei@umich.edu,Male,2018-01-29,22
20,Sallyann,Zorer,szorerj@example.com,Female,2019-04-13,50
21,Claire,Megarrell,cmegarrellk@live.com,Male,2011-08-03,53
22,Byran,Fogg,bfoggl@oakley.com,Male,2003-03-26,33
23,Mathias,Kitman,mkitmanm@soup.io,Male,2017-07-13,34
24,Mead,Anfosso,manfosson@blogspot.com,Male,2017-06-25,28
25,Alida,Kurt,akurto@toplist.cz,Female,2014-01-13,45
26,Scotty,Lembke,slembkep@lulu.com,Male,2005-09-14,51
27,Tracy,Dionisii,tdionisiiq@wufoo.com,Male,2010-03-24,33
28,Trefor,Duer,tduerr@shareasale.com,Male,2001-11-29,49
29,Tandy,Purrington,tpurringtons@typepad.com,Female,2003-11-02,26
30,Alyson,McMylor,amcmylort@sourceforge.net,Female,2009-04-28,49
31,Merle,Pease,mpeaseu@google.cn,Female,2007-03-19,51
32,Demetrius,Erwin,derwinv@independent.co.uk,Male,2016-10-19,49
33,Bobby,Connachan,bconnachanw@bloomberg.com,Male,2003-10-05,33
34,Antonetta,Sandars,asandarsx@etsy.com,Female,2014-12-01,25
35,Uta,De Goey,udegoeyy@mozilla.com,Female,2005-04-13,38
36,Marina,Vesco,mvescoz@gov.uk,Female,2012-06-17,52
37,Michaela,Vales,mvales10@tuttocitta.it,Female,2004-04-18,25
38,Ebba,Kynd,ekynd11@goodreads.com,Female,2010-08-03,25
39,Harris,Gammons,hgammons12@xing.com,Male,2017-07-11,44
40,Aigneis,Peskett,apeskett13@parallels.com,Female,2013-02-16,24
41,Lester,Matuszinski,lmatuszinski14@boston.com,Male,2004-08-18,33
42,Whitby,Berg,wberg15@rakuten.co.jp,Male,2008-02-18,38
43,Margret,Linley,mlinley16@uol.com.br,Female,2014-08-15,41
44,Allyn,Mattielli,amattielli17@eventbrite.com,Male,2019-07-21,31
45,Ossie,Dickerline,odickerline18@ning.com,Male,2005-06-16,33
46,William,Longland,wlongland19@irs.gov,Male,2008-03-25,38
47,Fredek,Bassom,fbassom1a@redcross.org,Male,2004-02-10,28
48,Thaine,Mosdall,tmosdall1b@fema.gov,Male,2006-05-04,29
49,Dody,Matveichev,dmatveichev1c@oakley.com,Female,2010-08-06,46
50,Nero,McLaughlin,nmclaughlin1d@wix.com,Male,2007-01-27,26
51,Sybille,Breffitt,sbreffitt1e@washingtonpost.com,Female,2006-09-15,46
52,Averell,Boulds,aboulds1f@china.com.cn,Male,2003-12-03,36
53,Romonda,Healeas,rhealeas1g@oakley.com,Female,2004-06-22,43
54,Ethelin,Krinks,ekrinks1h@bandcamp.com,Female,2018-07-14,32
55,Melvin,Congdon,mcongdon1i@va.gov,Male,2014-12-25,26
56,Cad,Sporrij,csporrij1j@freewebs.com,Male,2002-10-18,41
57,Millie,Bartczak,mbartczak1k@ustream.tv,Female,2010-08-30,27
58,Jerald,Wickendon,jwickendon1l@etsy.com,Male,2006-12-02,42
59,Vinny,Armiger,varmiger1m@vkontakte.ru,Male,2018-10-23,42
60,Vittoria,Antuoni,vantuoni1n@cnbc.com,Female,2003-04-27,42
61,Penny,Gerkens,pgerkens1o@dell.com,Male,2006-03-06,37
62,Nomi,Sidebotham,nsidebotham1p@ted.com,Female,2015-08-08,55
63,Annadiane,Flaverty,aflaverty1q@multiply.com,Female,2014-05-27,30
64,Baxter,McQuarter,bmcquarter1r@hexun.com,Male,2017-04-09,36
65,Forester,Bagot,fbagot1s@newsvine.com,Male,2001-05-10,37
66,William,Paule,wpaule1t@hc360.com,Male,2002-05-22,52
67,Jacinthe,Izhaky,jizhaky1u@slideshare.net,Female,2010-04-04,33
68,Hyacinth,Vasilenko,hvasilenko1v@sitemeter.com,Female,2006-03-17,36
69,Marchall,Bruck,mbruck1w@marriott.com,Male,2011-01-14,29
70,Allen,Delafoy,adelafoy1x@de.vu,Male,2003-06-22,26
71,Roley,Lipprose,rlipprose1y@imageshack.us,Male,2012-08-15,54
72,Dagmar,Stieger,dstieger1z@list-manage.com,Female,2001-02-28,35
73,Mirabelle,Gounin,mgounin20@businesswire.com,Female,2009-07-24,26
74,Roderigo,Winslow,rwinslow21@howstuffworks.com,Male,2005-08-24,51
75,Lloyd,Adnett,ladnett22@google.com,Male,2011-10-31,48
76,Marsha,Botwood,mbotwood23@blinklist.com,Female,2002-08-04,47
77,Hendrika,Farfoot,hfarfoot24@epa.gov,Female,2005-10-16,50
78,Kaye,Gasticke,kgasticke25@census.gov,Female,2004-05-31,27
79,Langston,Twigger,ltwigger26@pbs.org,Male,2015-12-04,42
80,Clevey,Carson,ccarson27@gov.uk,Male,2010-10-22,33
81,Welch,Dowty,wdowty28@blogtalkradio.com,Male,2004-08-31,26
82,Liuka,Mecco,lmecco29@google.co.jp,Female,2018-05-03,44
83,Lowell,Sebastian,lsebastian2a@elpais.com,Male,2001-04-29,31
84,Chelsey,De Laspee,cdelaspee2b@archive.org,Female,2018-12-28,30
85,Brinn,Cortnay,bcortnay2c@wikia.com,Female,2010-12-27,46
86,Sydney,Featherstonhalgh,sfeatherstonhalgh2d@jimdo.com,Female,2014-11-13,48
87,Halsy,Shevelin,hshevelin2e@amazon.com,Male,2018-01-03,40
88,Alayne,Redwin,aredwin2f@prlog.org,Female,2011-08-10,47
89,Torrin,Brownhill,tbrownhill2g@mysql.com,Male,2009-02-21,47
90,Julienne,Vickar,jvickar2h@amazon.co.uk,Female,2014-09-18,35
91,Ketty,Biggans,kbiggans2i@netvibes.com,Female,2010-12-31,39
92,Jefferey,Wollard,jwollard2j@cbc.ca,Male,2010-06-29,52
93,Jasen,Itzcovich,jitzcovich2k@apache.org,Male,2003-07-17,24
94,Nisse,Braiden,nbraiden2l@a8.net,Female,2010-01-11,38
95,Rebbecca,Tanzer,rtanzer2m@washington.edu,Female,2003-04-06,24
96,Pip,Voules,pvoules2n@vimeo.com,Male,2013-09-04,45
97,Preston,Bendel,pbendel2o@weibo.com,Male,2016-07-13,26
98,Allianora,Lintot,alintot2p@t-online.de,Female,2001-11-30,49
99,Appolonia,Haney,ahaney2q@bluehost.com,Female,2010-04-06,45
100,Hildegaard,Wimlett,hwimlett2r@dropbox.com,Female,2009-06-17,40
101,Eli,Grimley,egrimley2s@skype.com,Male,2017-10-25,39
102,Con,Shoebotham,cshoebotham2t@google.co.uk,Female,2000-11-02,46
103,Theresa,Stockey,tstockey2u@delicious.com,Female,2012-01-14,25
104,Rolph,Stonhouse,rstonhouse2v@google.com.br,Male,2011-11-12,43
105,Susie,Beech,sbeech2w@unesco.org,Female,2009-02-26,48
106,Elsinore,Matuszak,ematuszak2x@google.it,Female,2001-12-17,41
107,Norton,Braunfeld,nbraunfeld2y@pinterest.com,Male,2008-07-14,32
108,Paco,Knowller,pknowller2z@purevolume.com,Male,2003-03-29,45
109,Cullen,Pinniger,cpinniger30@arstechnica.com,Male,2018-10-07,46
110,Alasteir,Dundendale,adundendale31@opera.com,Male,2014-02-13,53
111,Anitra,Cusiter,acusiter32@opera.com,Female,2001-11-14,33
112,Alard,Coker,acoker33@archive.org,Male,2016-07-12,48
113,Hurleigh,Pickavant,hpickavant34@lulu.com,Male,2008-08-04,31
114,Adelheid,Vedekhin,avedekhin35@boston.com,Female,2013-12-28,37
115,Hieronymus,Pay,hpay36@prlog.org,Male,2018-06-27,33
116,Norrie,Tremolieres,ntremolieres37@goo.ne.jp,Male,2005-05-01,47
117,Maribel,Samwaye,msamwaye38@gmpg.org,Female,2004-07-13,21
118,Kerstin,Lippatt,klippatt39@adobe.com,Female,2008-09-09,22
119,Riccardo,Alforde,ralforde3a@wikispaces.com,Male,2003-11-26,54
120,Leonid,Coke,lcoke3b@hc360.com,Male,2017-05-28,29
121,Addie,Hintzer,ahintzer3c@ovh.net,Female,2006-12-11,43
122,Paige,McDonnell,pmcdonnell3d@yale.edu,Male,2012-02-13,34
123,Verla,Martyntsev,vmartyntsev3e@sun.com,Female,2003-05-17,31
124,Dorie,Coveley,dcoveley3f@infoseek.co.jp,Female,2001-10-23,29
125,Stevy,Keattch,skeattch3g@t.co,Male,2007-01-20,52
126,Ruprecht,Richmont,rrichmont3h@cornell.edu,Male,2005-04-26,24
127,Jorgan,Ricciardelli,jricciardelli3i@engadget.com,Male,2015-11-26,50
128,Jecho,Wewell,jwewell3j@hostgator.com,Male,2017-09-21,23
129,Veronique,Sabban,vsabban3k@state.tx.us,Female,2006-12-06,53
130,Cornell,Flann,cflann3l@ask.com,Male,2001-06-18,54
131,Stevana,Genty,sgenty3m@java.com,Female,2011-08-23,32
132,Morty,Strand,mstrand3n@howstuffworks.com,Male,2006-04-05,45
133,Walton,Laugier,wlaugier3o@addtoany.com,Male,2005-07-16,31
134,Jarrad,Bricket,jbricket3p@seattletimes.com,Male,2019-05-15,30
135,Katherina,O'Sirin,kosirin3q@dell.com,Female,2002-08-11,50
136,Benjy,Aldridge,baldridge3r@phoca.cz,Male,2006-05-07,52
137,Genvieve,Sedman,gsedman3s@is.gd,Female,2001-01-21,53
138,Shoshana,Borthe,sborthe3t@t.co,Female,2012-06-20,47
139,Leopold,Scurrell,lscurrell3u@live.com,Male,2008-04-02,35
140,Janna,Felton,jfelton3v@slate.com,Female,2009-04-05,34
141,Deck,Keyzor,dkeyzor3w@networkadvertising.org,Male,2002-11-13,23
142,Mada,Dat,mdat3x@goo.ne.jp,Female,2001-05-10,22
143,Willem,Heake,wheake3y@sun.com,Male,2015-12-07,33
144,Tom,Dominichelli,tdominichelli3z@imageshack.us,Male,2013-07-12,32
145,Mozes,Kalisch,mkalisch40@princeton.edu,Male,2001-03-04,31
146,Yolanthe,McCosker,ymccosker41@mail.ru,Female,2016-11-12,53
147,Ganny,Vaskin,gvaskin42@liveinternet.ru,Male,2012-02-04,21
148,Willem,Pinke,wpinke43@google.ru,Male,2016-07-23,29
149,Stanislaw,Hansana,shansana44@phpbb.com,Male,2013-08-18,29
150,Nikolos,Cunio,ncunio45@gizmodo.com,Male,2014-04-03,23
151,Katya,Simanek,ksimanek46@cbc.ca,Female,2011-05-09,30
152,Irvin,Konertz,ikonertz47@geocities.jp,Male,2016-01-13,32
153,Chariot,Burdell,cburdell48@salon.com,Male,2013-04-17,51
154,Baryram,MacMaykin,bmacmaykin49@squarespace.com,Male,2004-02-12,43
155,Raynell,Yurkin,ryurkin4a@ovh.net,Female,2019-03-17,33
156,Toddie,Jeggo,tjeggo4b@miitbeian.gov.cn,Male,2008-05-23,35
157,Rockie,Franzel,rfranzel4c@cbc.ca,Male,2013-06-13,52
158,Starlene,McAmish,smcamish4d@dot.gov,Female,2002-04-05,34
159,Llywellyn,Domino,ldomino4e@typepad.com,Male,2001-06-18,35
160,Kippy,Coysh,kcoysh4f@cbsnews.com,Male,2010-02-22,55
161,Kellen,Chaudret,kchaudret4g@cloudflare.com,Female,2016-12-13,33
162,Wakefield,Bennetto,wbennetto4h@addtoany.com,Male,2010-03-27,34
163,Rene,Olenov,rolenov4i@squarespace.com,Female,2004-10-26,28
164,Tyson,Amort,tamort4j@nytimes.com,Male,2013-09-23,51
165,Bary,Aronowitz,baronowitz4k@ameblo.jp,Male,2010-12-19,30
166,Sibley,Mattaser,smattaser4l@hubpages.com,Female,2018-06-11,40
167,Alfredo,Mahood,amahood4m@constantcontact.com,Male,2008-03-01,48
168,Carlin,Durnill,cdurnill4n@nbcnews.com,Female,2010-05-02,31
169,Allard,Meckiff,ameckiff4o@yellowpages.com,Male,2013-05-10,48
170,Georgianne,Pennington,gpennington4p@soup.io,Female,2014-05-11,22
171,Marrissa,Lembrick,mlembrick4q@ox.ac.uk,Female,2009-08-31,21
172,Dennis,Duff,dduff4r@nps.gov,Male,2010-02-12,48
173,Phillipe,Stockton,pstockton4s@wix.com,Male,2006-01-29,38
174,Patrizius,Esome,pesome4t@home.pl,Male,2010-04-30,42
175,Arlan,Hardes,ahardes4u@gnu.org,Male,2017-04-27,34
176,Lisette,McQuilliam,lmcquilliam4v@epa.gov,Female,2008-01-17,47
177,Cally,Gudgen,cgudgen4w@google.com.hk,Female,2009-01-26,37
178,Karlen,Limbrick,klimbrick4x@phpbb.com,Female,2018-04-17,24
179,Maurie,Fitch,mfitch4y@usatoday.com,Male,2018-12-29,46
180,Blakelee,Allone,ballone4z@networkadvertising.org,Female,2015-09-11,49
181,Drusie,Di Pietro,ddipietro50@nhs.uk,Female,2005-02-02,29
182,Weylin,Edridge,wedridge51@spotify.com,Male,2014-09-01,48
183,Bartel,Immer,bimmer52@livejournal.com,Male,2005-11-23,22
184,Jerrilee,Dawton,jdawton53@hp.com,Female,2009-01-20,47
185,Rik,Erratt,rerratt54@globo.com,Male,2003-04-25,32
186,Jennette,Foxhall,jfoxhall55@google.ru,Female,2018-08-29,29
187,Tabby,Cicchillo,tcicchillo56@facebook.com,Male,2010-02-28,46
188,Kaine,Mottinelli,kmottinelli57@sogou.com,Male,2005-09-17,22
189,Jeremiah,Dunsford,jdunsford58@webnode.com,Male,2011-01-13,34
190,Aggi,Filipczak,afilipczak59@scientificamerican.com,Female,2015-08-28,49
191,Nerte,Prangley,nprangley5a@omniture.com,Female,2007-10-27,36
192,Manon,Philbin,mphilbin5b@columbia.edu,Female,2011-06-04,29
193,Jordan,McNeish,jmcneish5c@yahoo.com,Male,2012-12-24,25
194,Ferdinande,Lagne,flagne5d@biblegateway.com,Female,2001-06-13,40
195,Jarad,Gullberg,jgullberg5e@xrea.com,Male,2011-08-28,43
196,Shela,Duff,sduff5f@foxnews.com,Female,2008-03-10,35
197,Krisha,Hugin,khugin5g@php.net,Male,2003-02-08,21
198,Zared,Wortt,zwortt5h@wikia.com,Male,2017-06-18,39
199,Idalia,Innis,iinnis5i@kickstarter.com,Female,2010-04-06,29
200,Tarrance,Collidge,tcollidge5j@macromedia.com,Male,2019-05-08,50
201,Brittni,Van Dale,bvandale5k@shareasale.com,Female,2008-12-02,50
202,Keri,O' Cuolahan,kocuolahan5l@independent.co.uk,Female,2008-12-31,26
203,Wylma,Mars,wmars5m@gnu.org,Female,2013-03-27,22
204,Christos,Mahedy,cmahedy5n@cnet.com,Male,2008-12-04,50
205,Michaelina,Gomby,mgomby5o@samsung.com,Female,2019-02-18,24
206,Peria,Stagge,pstagge5p@about.me,Female,2009-09-02,44
207,Gherardo,holmes,gholmes5q@cdc.gov,Male,2011-06-12,46
208,Roy,Puddle,rpuddle5r@sun.com,Male,2018-08-12,26
209,Wilhelm,Dyble,wdyble5s@zimbio.com,Male,2009-09-13,29
210,Kellen,Ledster,kledster5t@mapquest.com,Female,2007-10-04,50
211,Basia,Gerram,bgerram5u@sitemeter.com,Female,2007-03-18,48
212,Jan,Bushby,jbushby5v@java.com,Female,2009-11-26,39
213,Ina,Sanchis,isanchis5w@t.co,Female,2012-04-13,21
214,Tammie,McLafferty,tmclafferty5x@usgs.gov,Male,2011-12-12,36
215,Walther,Lyst,wlyst5y@wsj.com,Male,2014-07-12,53
216,Biddy,Daventry,bdaventry5z@dell.com,Female,2018-10-06,21
217,Dilly,Babalola,dbabalola60@disqus.com,Male,2005-12-17,47
218,Ellis,Haking,ehaking61@va.gov,Male,2011-05-19,46
219,Sherline,Lumley,slumley62@symantec.com,Female,2013-10-04,38
220,Kristian,Gordge,kgordge63@webeden.co.uk,Male,2006-11-06,55
221,Yance,Graben,ygraben64@wiley.com,Male,2005-07-06,41
222,Birch,Bisseker,bbisseker65@spiegel.de,Male,2006-03-08,54
223,Beaufort,Records,brecords66@squidoo.com,Male,2014-08-22,31
224,Cleopatra,Clarkson,cclarkson67@webs.com,Female,2002-07-29,35
225,Leanora,Otter,lotter68@ftc.gov,Female,2010-04-08,41
226,Jerry,Wilford,jwilford69@businesswire.com,Female,2009-10-07,55
227,Kipper,Brinkman,kbrinkman6a@icq.com,Male,2016-09-10,48
228,Antin,Breffit,abreffit6b@independent.co.uk,Male,2003-10-14,38
229,Tomkin,Backes,tbackes6c@nydailynews.com,Male,2016-03-25,42
230,Katya,Farquarson,kfarquarson6d@nationalgeographic.com,Female,2008-04-12,35
231,Neda,Ellwood,nellwood6e@reference.com,Female,2009-01-28,49
232,Prudi,Wick,pwick6f@harvard.edu,Female,2007-01-10,55
233,Laney,Forrestor,lforrestor6g@t-online.de,Male,2003-01-18,35
234,Ursuline,Donnelly,udonnelly6h@istockphoto.com,Female,2001-04-02,52
235,Milzie,Peal,mpeal6i@people.com.cn,Female,2005-08-11,34
236,Alaster,Doneld,adoneld6j@theatlantic.com,Male,2011-05-07,31
237,Monica,Gaw,mgaw6k@cyberchimps.com,Female,2018-01-26,39
238,Jeannette,Lait,jlait6l@unblog.fr,Female,2017-08-03,37
239,Neal,Divis,ndivis6m@multiply.com,Male,2015-08-29,43
240,Harris,Abramcik,habramcik6n@ucoz.ru,Male,2017-11-02,21
241,Tine,Purdy,tpurdy6o@bandcamp.com,Female,2014-01-28,54
242,Pammi,Tout,ptout6p@blogspot.com,Female,2009-09-03,49
243,Doti,Hatchman,dhatchman6q@bbb.org,Female,2003-04-09,41
244,Katya,Trevance,ktrevance6r@youku.com,Female,2008-01-15,54
245,Camey,Casari,ccasari6s@samsung.com,Male,2012-07-23,31
246,Miguel,Pietron,mpietron6t@freewebs.com,Male,2001-10-20,36
247,Pierson,Melwall,pmelwall6u@paypal.com,Male,2017-06-01,37
248,Rem,Le Borgne,rleborgne6v@tamu.edu,Male,2012-12-23,51
249,Mendie,Dimitrijevic,mdimitrijevic6w@bloomberg.com,Male,2008-02-26,54
250,Alvinia,Beacock,abeacock6x@google.co.uk,Female,2017-11-07,30
251,Ashly,Grinsted,agrinsted6y@privacy.gov.au,Female,2002-01-26,50
252,Franciskus,Stubbes,fstubbes6z@arstechnica.com,Male,2009-08-05,48
253,Waldemar,Wasiela,wwasiela70@businessweek.com,Male,2006-08-21,46
254,Cos,Fenney,cfenney71@princeton.edu,Male,2017-02-20,47
255,Grier,Ambrose,gambrose72@bloglovin.com,Female,2009-08-14,35
256,Dominic,Culshew,dculshew73@php.net,Male,2012-06-20,51
257,Elita,Swannell,eswannell74@geocities.com,Female,2018-11-28,26
258,Hazel,Ezzle,hezzle75@wunderground.com,Female,2002-06-17,26
259,Etan,Fochs,efochs76@mapy.cz,Male,2007-01-03,55
260,Lizbeth,Kennett,lkennett77@angelfire.com,Female,2011-11-10,44
261,Lenna,Georgiades,lgeorgiades78@ibm.com,Female,2012-02-28,55
262,Kessia,McReath,kmcreath79@reddit.com,Female,2012-02-26,34
263,Claudina,Siebart,csiebart7a@sun.com,Female,2018-02-16,26
264,Allyn,Chettle,achettle7b@nymag.com,Male,2009-04-19,23
265,Ajay,Marmon,amarmon7c@china.com.cn,Female,2007-10-12,54
266,Baldwin,Tarzey,btarzey7d@example.com,Male,2012-07-28,21
267,Jerald,Hexam,jhexam7e@digg.com,Male,2010-09-03,48
268,Benedicto,Dunkinson,bdunkinson7f@taobao.com,Male,2019-05-26,55
269,Cordelia,Rihanek,crihanek7g@wunderground.com,Female,2004-03-22,28
270,Stefania,Edmondson,sedmondson7h@cyberchimps.com,Female,2000-10-28,27
271,Calida,Poynor,cpoynor7i@bandcamp.com,Female,2012-02-21,23
272,Penelope,Antosch,pantosch7j@multiply.com,Female,2006-10-11,21
273,Constantina,Challis,cchallis7k@sogou.com,Female,2017-03-09,49
274,Vance,McKnockiter,vmcknockiter7l@topsy.com,Male,2003-09-04,51
275,Lesya,Leese,lleese7m@google.nl,Female,2014-06-15,50
276,Celeste,Giberd,cgiberd7n@redcross.org,Female,2008-05-08,45
277,Jareb,Bloxam,jbloxam7o@biblegateway.com,Male,2007-02-11,34
278,Hortense,Shorie,hshorie7p@1688.com,Female,2003-07-26,54
279,Shannon,De Bellis,sdebellis7q@ameblo.jp,Male,2014-05-15,32
280,Philippine,Newbegin,pnewbegin7r@usgs.gov,Female,2008-02-14,39
281,Sybila,Keller,skeller7s@wiley.com,Female,2013-12-31,24
282,Edie,Poulney,epoulney7t@icq.com,Female,2012-06-18,50
283,Staford,Bresner,sbresner7u@house.gov,Male,2010-06-10,48
284,Thorsten,Peacey,tpeacey7v@wikispaces.com,Male,2005-05-26,40
285,Welbie,Stepto,wstepto7w@miitbeian.gov.cn,Male,2016-07-09,52
286,Bernette,Isard,bisard7x@cnet.com,Female,2013-10-03,34
287,Boonie,Mallan,bmallan7y@illinois.edu,Male,2018-03-20,52
288,Nikkie,Verbrugghen,nverbrugghen7z@discovery.com,Female,2013-10-29,30
289,Elston,Trinbey,etrinbey80@adobe.com,Male,2001-08-23,49
290,Roosevelt,Redford,rredford81@t-online.de,Male,2007-07-16,30
291,Judi,Veneur,jveneur82@bloglines.com,Female,2012-09-23,39
292,Clim,Gracey,cgracey83@archive.org,Male,2004-10-30,23
293,Mariquilla,Hinge,mhinge84@xing.com,Female,2011-07-05,50
294,Frannie,Sapp,fsapp85@sun.com,Female,2005-10-08,55
295,Sharlene,Winnard,swinnard86@tripod.com,Female,2019-08-03,33
296,Faber,Jephson,fjephson87@ifeng.com,Male,2007-03-23,39
297,Kathie,Bilbee,kbilbee88@blogtalkradio.com,Female,2014-02-21,52
298,Emery,Houseley,ehouseley89@twitpic.com,Male,2000-12-27,26
299,Richart,Rackam,rrackam8a@cbsnews.com,Male,2009-05-16,26
300,Mildrid,Duckerin,mduckerin8b@ocn.ne.jp,Female,2008-04-22,41
301,Paxon,Marsden,pmarsden8c@gravatar.com,Male,2004-03-19,39
302,Mill,Hayman,mhayman8d@slideshare.net,Male,2013-03-03,41
303,Huberto,Ende,hende8e@hatena.ne.jp,Male,2014-05-23,53
304,Sylas,Rapa,srapa8f@ow.ly,Male,2016-09-02,42
305,Lin,Dyball,ldyball8g@redcross.org,Male,2019-04-01,54
306,Desiri,Errett,derrett8h@example.com,Female,2007-03-19,43
307,Bartolomeo,Suffield,bsuffield8i@desdev.cn,Male,2000-10-10,51
308,Page,Escofier,pescofier8j@hugedomains.com,Female,2006-03-24,24
309,Roselle,Poulgreen,rpoulgreen8k@sogou.com,Female,2010-01-11,38
310,Cornela,Juara,cjuara8l@ehow.com,Female,2014-10-08,28
311,Betti,Laugharne,blaugharne8m@yellowpages.com,Female,2006-07-13,24
312,Flin,Rustman,frustman8n@telegraph.co.uk,Male,2015-05-13,40
313,Starlin,Mackney,smackney8o@bravesites.com,Female,2015-05-02,40
314,Matilde,Bravington,mbravington8p@webnode.com,Female,2010-05-31,40
315,Samara,Tiron,stiron8q@topsy.com,Female,2015-06-05,48
316,Sigfrid,Biddleston,sbiddleston8r@wufoo.com,Male,2011-07-28,44
317,Fabio,McDowall,fmcdowall8s@istockphoto.com,Male,2012-04-21,26
318,Briggs,Dalgetty,bdalgetty8t@moonfruit.com,Male,2006-08-15,33
319,Lindy,Doel,ldoel8u@virginia.edu,Male,2015-02-07,43
320,Karlene,Moorman,kmoorman8v@sogou.com,Female,2004-08-10,36
321,Wendell,Bill,wbill8w@typepad.com,Male,2016-10-28,35
322,Kyrstin,Leney,kleney8x@lycos.com,Female,2012-05-21,37
323,Shay,Gajownik,sgajownik8y@samsung.com,Female,2008-12-18,29
324,Gayla,Tunesi,gtunesi8z@etsy.com,Female,2017-04-06,48
325,Tilda,Maynard,tmaynard90@mediafire.com,Female,2015-12-30,51
326,Jerry,Shelborne,jshelborne91@google.de,Male,2005-12-10,46
327,Thaine,Tole,ttole92@bigcartel.com,Male,2013-04-28,47
328,Shawna,Penhall,spenhall93@symantec.com,Female,2019-08-24,25
329,Luci,Warmington,lwarmington94@dagondesign.com,Female,2003-01-11,22
330,Tuesday,Hum,thum95@deliciousdays.com,Female,2001-12-10,31
331,Bonnee,Trowl,btrowl96@hubpages.com,Female,2018-07-16,33
332,Sheila,Iveagh,siveagh97@1688.com,Female,2017-07-12,37
333,Margareta,Jeeves,mjeeves98@jigsy.com,Female,2005-09-26,54
334,Ramona,Espinel,respinel99@cocolog-nifty.com,Female,2009-06-01,44
335,Simone,Bocking,sbocking9a@dedecms.com,Female,2001-02-25,53
336,Ottilie,Skipperbottom,oskipperbottom9b@xing.com,Female,2006-10-23,33
337,Jerrie,Bettley,jbettley9c@paginegialle.it,Female,2014-06-11,44
338,Morris,Schoenfisch,mschoenfisch9d@accuweather.com,Male,2005-07-25,48
339,Teador,Mussett,tmussett9e@bizjournals.com,Male,2004-09-10,49
340,Kip,Manzell,kmanzell9f@google.com.au,Male,2013-03-31,46
341,Aksel,Anchor,aanchor9g@prlog.org,Male,2005-11-26,47
342,Alford,Harnwell,aharnwell9h@ebay.co.uk,Male,2014-10-05,23
343,Lori,Fleetham,lfleetham9i@mayoclinic.com,Female,2019-06-13,24
344,Trev,Winnett,twinnett9j@seattletimes.com,Male,2003-04-18,27
345,Brandon,Eiler,beiler9k@reference.com,Male,2002-04-14,26
346,Darnall,Meadows,dmeadows9l@hugedomains.com,Male,2016-02-10,25
347,Stanton,Howbrook,showbrook9m@pinterest.com,Male,2014-10-04,37
348,Christie,Dudenie,cdudenie9n@geocities.com,Female,2014-02-06,55
349,Rex,Sporgeon,rsporgeon9o@google.com.br,Male,2003-07-08,51
350,Beitris,Donlon,bdonlon9p@unc.edu,Female,2005-07-14,32
351,Auroora,Ferentz,aferentz9q@cmu.edu,Female,2011-08-11,47
352,Tabbitha,Boow,tboow9r@tmall.com,Female,2016-01-17,43
353,Salim,Cornick,scornick9s@macromedia.com,Male,2012-09-27,49
354,Allyn,Hasslocher,ahasslocher9t@ucoz.com,Male,2004-12-05,38
355,Pedro,Daviot,pdaviot9u@baidu.com,Male,2013-08-08,46
356,Nance,Daskiewicz,ndaskiewicz9v@whitehouse.gov,Female,2011-03-28,54
357,Morgan,Smallridge,msmallridge9w@ftc.gov,Male,2007-06-10,42
358,Merlina,Steely,msteely9x@odnoklassniki.ru,Female,2014-12-20,43
359,Orin,Beauchamp,obeauchamp9y@newsvine.com,Male,2017-05-04,39
360,Dorella,Snasdell,dsnasdell9z@telegraph.co.uk,Female,2009-03-23,34
361,Joachim,Bradmore,jbradmorea0@163.com,Male,2015-03-01,54
362,Thorndike,Blanchflower,tblanchflowera1@newsvine.com,Male,2010-10-23,32
363,Kippie,Keningham,kkeninghama2@bbb.org,Male,2010-12-14,22
364,Thedric,Dutson,tdutsona3@pagesperso-orange.fr,Male,2008-11-17,49
365,Antons,Jerman,ajermana4@mozilla.com,Male,2008-10-10,42
366,Trudie,Sautter,tsauttera5@google.com.br,Female,2017-01-06,54
367,Faulkner,Welds,fweldsa6@weather.com,Male,2017-07-03,34
368,Wang,Ruggles,wrugglesa7@apache.org,Male,2002-12-01,48
369,Darb,D'Angeli,ddangelia8@omniture.com,Male,2013-08-06,33
370,Kristin,McGunley,kmcgunleya9@typepad.com,Female,2014-06-13,26
371,Shayne,Maymond,smaymondaa@tuttocitta.it,Male,2010-11-28,29
372,Tracy,McTrustram,tmctrustramab@theatlantic.com,Male,2013-06-06,44
373,Culley,Straniero,cstranieroac@hugedomains.com,Male,2016-06-30,42
374,Cosette,Tuckey,ctuckeyad@yolasite.com,Female,2009-12-06,28
375,Archaimbaud,Ponton,apontonae@nature.com,Male,2019-09-27,54
376,Baxie,Nerney,bnerneyaf@4shared.com,Male,2007-09-20,54
377,Thorvald,Gommes,tgommesag@disqus.com,Male,2004-08-03,29
378,Rhodia,Saltsberg,rsaltsbergah@goodreads.com,Female,2011-12-08,23
379,Paulo,Jaxon,pjaxonai@hc360.com,Male,2002-01-31,29
380,Austine,Meneur,ameneuraj@eventbrite.com,Female,2013-07-30,37
381,Marne,Danko,mdankoak@nih.gov,Female,2013-10-13,27
382,Ashlie,Riddock,ariddockal@npr.org,Female,2016-03-28,47
383,Monty,Faveryear,mfaveryearam@myspace.com,Male,2002-02-03,53
384,Pierce,Kleeman,pkleemanan@jalbum.net,Male,2018-12-21,40
385,Milzie,Schuricke,mschurickeao@elegantthemes.com,Female,2013-07-23,22
386,Fonzie,Brevitt,fbrevittap@blogspot.com,Male,2015-01-21,52
387,Shurwood,Rawlison,srawlisonaq@scribd.com,Male,2000-11-09,27
388,Ebenezer,Melia,emeliaar@ehow.com,Male,2010-04-28,32
389,Humfrey,Justice,hjusticeas@sciencedirect.com,Male,2019-04-16,30
390,Kip,MacCafferty,kmaccaffertyat@google.com.br,Male,2013-11-05,45
391,Janela,Volks,jvolksau@google.pl,Female,2018-10-28,41
392,Iris,Vasnetsov,ivasnetsovav@plala.or.jp,Female,2001-02-11,41
393,Rayner,Jecks,rjecksaw@foxnews.com,Male,2016-08-11,52
394,Jorry,Gobeau,jgobeauax@creativecommons.org,Female,2002-05-08,31
395,Martie,Thombleson,mthomblesonay@independent.co.uk,Male,2014-02-20,51
396,Marinna,Tomczykowski,mtomczykowskiaz@illinois.edu,Female,2011-08-16,42
397,Ida,Hauch,ihauchb0@networkadvertising.org,Female,2010-07-13,48
398,Prissie,Crockatt,pcrockattb1@fda.gov,Female,2015-04-14,49
399,Jennie,Preuvost,jpreuvostb2@indiegogo.com,Female,2013-01-07,46
400,Eyde,Swansborough,eswansboroughb3@sun.com,Female,2014-10-19,24
401,Adelina,Acland,aaclandb4@google.de,Female,2006-12-30,32
402,Kala,Durden,kdurdenb5@sphinn.com,Female,2015-04-16,36
403,Gussy,D'Antoni,gdantonib6@about.me,Female,2007-06-06,36
404,Dorey,Kellett,dkellettb7@acquirethisname.com,Female,2017-04-23,47
405,Tracie,Kemer,tkemerb8@bloomberg.com,Male,2017-02-07,50
406,Kaycee,Kingsworth,kkingsworthb9@apache.org,Female,2009-03-04,27
407,Fraze,Malzard,fmalzardba@squidoo.com,Male,2017-10-26,55
408,Odell,Corrett,ocorrettbb@addtoany.com,Male,2002-07-02,52
409,Cati,Thewles,cthewlesbc@gnu.org,Female,2010-10-10,39
410,Urbanus,Curro,ucurrobd@ning.com,Male,2015-07-10,25
411,Carmelina,Tiplady,ctipladybe@businessinsider.com,Female,2016-08-11,30
412,Aindrea,Berkely,aberkelybf@aol.com,Female,2014-06-03,48
413,Tiffie,Heddy,theddybg@imdb.com,Female,2005-05-25,48
414,Morena,MacInnes,mmacinnesbh@bravesites.com,Female,2001-02-05,24
415,Lukas,Cabble,lcabblebi@ustream.tv,Male,2013-04-06,48
416,Emalia,Lewsey,elewseybj@typepad.com,Female,2002-06-23,43
417,Edsel,Hamman,ehammanbk@artisteer.com,Male,2009-12-08,54
418,Ronny,Levick,rlevickbl@ifeng.com,Male,2008-07-02,23
419,Dalston,Milvarnie,dmilvarniebm@hp.com,Male,2006-12-10,44
420,Gram,Coppo,gcoppobn@slate.com,Male,2001-11-21,44
421,Nelie,Defond,ndefondbo@apache.org,Female,2003-11-19,50
422,Sybila,Belchamber,sbelchamberbp@timesonline.co.uk,Female,2005-07-17,23
423,Ninette,Brownlow,nbrownlowbq@reference.com,Female,2003-04-05,41
424,Pattie,Eickhoff,peickhoffbr@csmonitor.com,Male,2004-08-06,47
425,Lovell,Ollarenshaw,lollarenshawbs@mtv.com,Male,2015-09-15,36
426,Kristofor,Emilien,kemilienbt@soundcloud.com,Male,2005-05-04,29
427,Roosevelt,Beauly,rbeaulybu@netscape.com,Male,2001-01-25,54
428,Franklin,Eldershaw,feldershawbv@furl.net,Male,2009-04-04,42
429,Branden,Sillett,bsillettbw@hubpages.com,Male,2011-02-07,34
430,Marcile,Hechlin,mhechlinbx@prlog.org,Female,2006-04-03,41
431,Rafaelita,Kegan,rkeganby@gizmodo.com,Female,2010-01-09,54
432,Newton,Matson,nmatsonbz@abc.net.au,Male,2001-01-08,36
433,Hersch,Pund,hpundc0@sakura.ne.jp,Male,2012-01-04,49
434,Mariya,Stendell,mstendellc1@arstechnica.com,Female,2013-01-12,40
435,Danika,Sysland,dsyslandc2@youtu.be,Female,2004-04-03,45
436,Reynold,de Clerc,rdeclercc3@cbsnews.com,Male,2013-01-26,33
437,Dav,Thies,dthiesc4@theglobeandmail.com,Male,2010-03-26,28
438,Hertha,Jirusek,hjirusekc5@mashable.com,Female,2007-11-03,41
439,Clint,Grubbe,cgrubbec6@comsenz.com,Male,2010-03-19,41
440,Candida,Giacomozzo,cgiacomozzoc7@ucoz.com,Female,2014-06-27,42
441,Dominik,McAlpine,dmcalpinec8@feedburner.com,Male,2006-03-24,26
442,Bernardina,Sired,bsiredc9@wsj.com,Female,2015-07-22,24
443,Graehme,Minthorpe,gminthorpeca@java.com,Male,2016-08-18,38
444,Twila,Tadlow,ttadlowcb@jimdo.com,Female,2000-10-13,21
445,Sephira,Olner,solnercc@a8.net,Female,2009-05-08,55
446,Hodge,Sleight,hsleightcd@wsj.com,Male,2004-05-29,30
447,Fredrick,Tenwick,ftenwickce@japanpost.jp,Male,2010-10-02,44
448,Shena,Seivertsen,sseivertsencf@slashdot.org,Female,2019-03-04,37
449,Brittni,Domican,bdomicancg@amazon.com,Female,2016-06-08,26
450,Papagena,Tennison,ptennisonch@imdb.com,Female,2006-01-17,37
451,Annmaria,Vigors,avigorsci@is.gd,Female,2014-12-21,24
452,Sebastien,de Broke,sdebrokecj@msu.edu,Male,2008-08-14,53
453,Hannah,Dominy,hdominyck@disqus.com,Female,2013-02-25,22
454,Eve,Osipov,eosipovcl@ycombinator.com,Female,2003-12-31,29
455,Raphaela,Vereker,rverekercm@sourceforge.net,Female,2018-05-21,31
456,Toiboid,Crippin,tcrippincn@cisco.com,Male,2009-06-04,28
457,Tann,Barriball,tbarriballco@hugedomains.com,Male,2014-03-17,55
458,Cyndia,Eversley,ceversleycp@webmd.com,Female,2009-05-19,37
459,Correna,Shotter,cshottercq@ameblo.jp,Female,2013-05-06,24
460,Gayler,Kearford,gkearfordcr@blinklist.com,Male,2005-01-19,34
461,Tomlin,Spelman,tspelmancs@pen.io,Male,2001-05-26,54
462,Harold,Spiller,hspillerct@ucoz.ru,Male,2002-12-08,29
463,Zollie,Capaldo,zcapaldocu@mapquest.com,Male,2015-09-04,53
464,Uriah,Raubheim,uraubheimcv@hud.gov,Male,2003-03-08,33
465,Arlette,Greenside,agreensidecw@narod.ru,Female,2017-05-27,40
466,Sancho,Slimmon,sslimmoncx@un.org,Male,2005-09-21,22
467,Jojo,Cheales,jchealescy@360.cn,Female,2018-02-28,25
468,Cristal,Matyushkin,cmatyushkincz@t.co,Female,2018-07-17,37
469,Hans,Ducket,hducketd0@bloglovin.com,Male,2003-09-08,50
470,Angelika,Noke,anoked1@un.org,Female,2014-10-20,29
471,Lenette,Borg-Bartolo,lborgbartolod2@phpbb.com,Female,2005-12-09,48
472,Faina,Chiles,fchilesd3@indiatimes.com,Female,2004-06-06,31
473,Reinold,Farrall,rfarralld4@furl.net,Male,2014-07-06,24
474,Tull,Alty,taltyd5@irs.gov,Male,2001-11-28,37
475,Sigfrid,Neagle,sneagled6@printfriendly.com,Male,2014-01-28,41
476,Bran,Bayles,bbaylesd7@spotify.com,Male,2007-11-11,27
477,Martha,Drewry,mdrewryd8@mtv.com,Female,2006-01-23,44
478,Ignatius,Llewellen,illewellend9@weebly.com,Male,2012-12-16,44
479,Cam,Coke,ccokeda@naver.com,Female,2010-09-16,53
480,Barbara-anne,Seamons,bseamonsdb@ft.com,Female,2011-11-11,34
481,Ailee,Hotson,ahotsondc@gnu.org,Female,2003-09-18,38
482,Pieter,Lorans,ploransdd@webnode.com,Male,2008-09-11,42
483,Trstram,Nelane,tnelanede@mysql.com,Male,2003-12-13,43
484,Kristal,Styant,kstyantdf@feedburner.com,Female,2008-08-27,44
485,Stacie,Brugden,sbrugdendg@eventbrite.com,Female,2004-03-29,26
486,Valentine,Blucher,vblucherdh@tmall.com,Female,2009-02-23,49
487,Lesli,Burchmore,lburchmoredi@walmart.com,Female,2018-09-20,52
488,Bibby,Tracy,btracydj@miitbeian.gov.cn,Female,2016-12-22,53
489,Zerk,Sergison,zsergisondk@slideshare.net,Male,2018-04-09,33
490,Mata,Le Blond,mleblonddl@feedburner.com,Male,2004-03-17,40
491,Forrest,Sommersett,fsommersettdm@nyu.edu,Male,2018-05-27,38
492,Corena,Gorick,cgorickdn@scribd.com,Female,2002-03-18,22
493,Gwendolin,Cape,gcapedo@instagram.com,Female,2014-10-11,21
494,Judi,Tiplady,jtipladydp@stanford.edu,Female,2017-02-03,40
495,Fawn,Alenin,falenindq@edublogs.org,Female,2007-09-13,34
496,Kristien,Labin,klabindr@omniture.com,Female,2017-08-11,26
497,Karrah,Peacock,kpeacockds@vistaprint.com,Female,2014-11-30,48
498,Marni,Bernocchi,mbernocchidt@prnewswire.com,Female,2006-06-17,52
499,Elise,Gallegos,egallegosdu@baidu.com,Female,2013-02-10,47
500,Werner,O'Fearguise,wofearguisedv@chronoengine.com,Male,2001-10-05,48
501,Weber,Leming,wlemingdw@over-blog.com,Male,2005-09-01,24
502,Imojean,Lipman,ilipmandx@photobucket.com,Female,2009-05-12,41
503,Ingrim,Noblet,inobletdy@fema.gov,Male,2016-01-10,43
504,Sharon,Buchan,sbuchandz@salon.com,Female,2002-06-07,31
505,Yorgos,Kineton,ykinetone0@theglobeandmail.com,Male,2011-04-17,28
506,Estella,MacGowing,emacgowinge1@goodreads.com,Female,2010-10-10,32
507,Guillema,Tutin,gtutine2@naver.com,Female,2014-09-22,49
508,Roderick,Josefowicz,rjosefowicze3@cloudflare.com,Male,2008-09-11,45
509,Gae,Benazet,gbenazete4@wikipedia.org,Female,2016-10-03,40
510,Hoebart,Tamburi,htamburie5@telegraph.co.uk,Male,2017-01-29,30
511,Estell,Keune,ekeunee6@unesco.org,Female,2010-05-04,41
512,Grant,Garfath,ggarfathe7@cafepress.com,Male,2011-08-07,24
513,Vasilis,McCrackan,vmccrackane8@theguardian.com,Male,2002-03-04,50
514,Worth,Toolin,wtooline9@google.co.uk,Male,2019-07-01,23
515,Lacee,Garfit,lgarfitea@google.it,Female,2003-11-02,43
516,Aldis,Dunguy,adunguyeb@ycombinator.com,Male,2001-11-14,41
517,Brew,Mackin,bmackinec@vk.com,Male,2015-05-26,32
518,Graeme,Hucquart,ghucquarted@sciencedirect.com,Male,2013-05-20,51
519,Mandie,Bowman,mbowmanee@army.mil,Female,2016-05-13,34
520,Nomi,Flowers,nflowersef@ibm.com,Female,2004-09-27,35
521,Wittie,Merwede,wmerwedeeg@etsy.com,Male,2006-08-07,23
522,Donnie,Riolfo,driolfoeh@elegantthemes.com,Female,2019-07-22,43
523,Analise,Michelle,amichelleei@wikia.com,Female,2019-05-24,22
524,Greer,Riglar,griglarej@networkadvertising.org,Female,2007-02-10,27
525,Florrie,Cotelard,fcotelardek@house.gov,Female,2016-08-10,44
526,Ruprecht,Dougan,rdouganel@studiopress.com,Male,2013-02-19,44
527,Chiquia,Ikins,cikinsem@dailymotion.com,Female,2013-04-07,44
528,Jaime,Poyner,jpoyneren@ucla.edu,Male,2005-03-31,48
529,Gordy,Dod,gdodeo@epa.gov,Male,2003-11-19,41
530,Benita,Endrici,bendriciep@independent.co.uk,Female,2019-01-07,23
531,Catriona,Ireland,cirelandeq@joomla.org,Female,2001-09-01,26
532,Jillayne,Crippill,jcrippiller@utexas.edu,Female,2010-09-03,37
533,Vincenz,Swiers,vswierses@ox.ac.uk,Male,2008-05-03,36
534,Perry,Zaniolo,pzanioloet@blogs.com,Male,2002-09-08,34
535,Herby,Pergens,hpergenseu@latimes.com,Male,2010-10-29,33
536,Gay,Heinschke,gheinschkeev@vkontakte.ru,Male,2014-10-01,33
537,Delila,Duchenne,dduchenneew@marriott.com,Female,2015-05-28,47
538,Giordano,Furneaux,gfurneauxex@google.ru,Male,2018-06-13,32
539,Guilbert,Karpenya,gkarpenyaey@oakley.com,Male,2008-10-31,40
540,Antonino,Lopez,alopezez@prweb.com,Male,2003-11-23,34
541,Bellina,Meach,bmeachf0@vimeo.com,Female,2009-03-06,25
542,Wileen,Biner,wbinerf1@t.co,Female,2001-11-10,53
543,Natal,Vaughan,nvaughanf2@gnu.org,Male,2011-04-27,32
544,Ara,Simeons,asimeonsf3@cloudflare.com,Male,2007-08-25,35
545,Cyndy,Siseland,csiselandf4@elegantthemes.com,Female,2006-07-03,36
546,Boothe,Firk,bfirkf5@economist.com,Male,2017-10-03,29
547,Davidde,Drioli,ddriolif6@uol.com.br,Male,2012-11-13,31
548,Jeffy,Hingeley,jhingeleyf7@dagondesign.com,Male,2016-02-18,29
549,Stephie,Brookwell,sbrookwellf8@hexun.com,Female,2010-02-28,51
550,Ronald,Jobe,rjobef9@narod.ru,Male,2018-11-22,37
551,Nicholle,Lilion,nlilionfa@businessinsider.com,Female,2013-11-22,39
552,Nariko,Brickett,nbrickettfb@eventbrite.com,Female,2006-07-03,50
553,Vergil,Voice,vvoicefc@naver.com,Male,2006-01-29,37
554,Gleda,Spensly,gspenslyfd@youku.com,Female,2015-03-28,37
555,Geoff,Loxdale,gloxdalefe@virginia.edu,Male,2017-12-24,46
556,Dana,Chalfain,dchalfainff@army.mil,Male,2017-05-13,24
557,Tilly,Pirelli,tpirellifg@networkadvertising.org,Female,2006-07-08,53
558,Ambrosius,Baskett,abaskettfh@go.com,Male,2018-04-18,45
559,Hort,Vescovo,hvescovofi@usnews.com,Male,2012-03-24,37
560,Valene,Gotter,vgotterfj@alexa.com,Female,2010-05-03,46
561,Derrick,Iacovone,diacovonefk@yandex.ru,Male,2008-04-12,30
562,Nora,Joplin,njoplinfl@telegraph.co.uk,Female,2015-10-22,30
563,Ulberto,Wardingly,uwardinglyfm@phpbb.com,Male,2001-05-06,22
564,Dina,MacAlister,dmacalisterfn@netscape.com,Female,2008-01-28,55
565,Nonnah,Farncombe,nfarncombefo@opera.com,Female,2018-07-27,54
566,Cristi,Nisuis,cnisuisfp@mapy.cz,Female,2004-02-22,36
567,Brana,Lorek,blorekfq@sakura.ne.jp,Female,2010-06-12,22
568,Farley,Revington,frevingtonfr@hexun.com,Male,2009-05-08,47
569,Benedicto,Nibley,bnibleyfs@japanpost.jp,Male,2001-01-18,42
570,Staford,Robbeke,srobbekeft@meetup.com,Male,2014-11-18,48
571,Hanna,Rittmeier,hrittmeierfu@gnu.org,Female,2011-09-28,24
572,Nola,Kellar,nkellarfv@mayoclinic.com,Female,2010-10-20,29
573,Stevy,Downs,sdownsfw@t.co,Male,2012-06-16,55
574,Fairfax,Riddock,friddockfx@fc2.com,Male,2009-10-15,44
575,Dinah,Merton,dmertonfy@paypal.com,Female,2007-05-13,47
576,Yard,Coppledike,ycoppledikefz@oracle.com,Male,2013-12-17,22
577,Damian,Demchen,ddemcheng0@wikipedia.org,Male,2013-05-19,29
578,Robert,Cornwall,rcornwallg1@eepurl.com,Male,2007-12-28,22
579,Lydia,Muddimer,lmuddimerg2@about.com,Female,2018-09-09,42
580,Stormy,Gallaccio,sgallacciog3@prweb.com,Female,2016-02-13,27
581,Pyotr,Beecham,pbeechamg4@buzzfeed.com,Male,2015-11-24,51
582,Blondell,Georgelin,bgeorgeling5@hubpages.com,Female,2003-06-03,40
583,Grete,Ducker,gduckerg6@google.com.hk,Female,2016-01-21,28
584,Reagan,Wort,rwortg7@yellowbook.com,Male,2016-10-07,42
585,Hillie,Leipoldt,hleipoldtg8@blogtalkradio.com,Male,2008-06-23,39
586,Wendie,Riley,wrileyg9@apache.org,Female,2008-08-12,53
587,Robby,McMenamy,rmcmenamyga@google.com.au,Male,2010-03-23,40
588,Igor,Greschik,igreschikgb@wunderground.com,Male,2012-06-07,34
589,Mead,Barkaway,mbarkawaygc@scribd.com,Female,2011-03-30,50
590,Grata,Seak,gseakgd@bandcamp.com,Female,2014-02-09,48
591,Clayton,Ladson,cladsonge@wix.com,Male,2006-01-10,42
592,Torie,Lauks,tlauksgf@biblegateway.com,Female,2013-06-30,35
593,Hilda,Ormond,hormondgg@dell.com,Female,2003-01-07,51
594,Alexina,Shemilt,ashemiltgh@spiegel.de,Female,2005-09-07,35
595,Selby,Di Biasio,sdibiasiogi@odnoklassniki.ru,Male,2006-06-18,46
596,Marion,Roddick,mroddickgj@tumblr.com,Male,2009-06-09,36
597,Jackelyn,Ratlee,jratleegk@businessinsider.com,Female,2016-02-14,38
598,Hill,Coot,hcootgl@craigslist.org,Male,2002-04-15,25
599,Warner,Clues,wcluesgm@twitpic.com,Male,2008-10-28,52
600,Aurie,Garretson,agarretsongn@about.me,Female,2009-11-25,40
601,Madella,Neubigin,mneubigingo@mapquest.com,Female,2001-03-16,26
602,Correy,Doman,cdomangp@google.cn,Female,2015-09-04,23
603,Berkie,Carp,bcarpgq@google.ru,Male,2001-02-16,44
604,Booth,Domnick,bdomnickgr@google.pl,Male,2011-06-07,31
605,Lisha,Fivey,lfiveygs@house.gov,Female,2010-02-14,32
606,Albrecht,Emery,aemerygt@smh.com.au,Male,2013-01-01,52
607,Claribel,Catlow,ccatlowgu@nifty.com,Female,2015-09-03,52
608,Randene,Leborgne,rleborgnegv@topsy.com,Female,2015-05-13,50
609,Samara,Skeel,sskeelgw@ca.gov,Female,2004-01-22,30
610,Trix,Ketteridge,tketteridgegx@howstuffworks.com,Female,2008-05-07,27
611,Georgeta,Wemyss,gwemyssgy@buzzfeed.com,Female,2015-03-06,30
612,Hildegarde,Tocque,htocquegz@businessweek.com,Female,2005-08-07,29
613,Trix,Lisciandri,tlisciandrih0@typepad.com,Female,2009-06-06,49
614,Guillemette,Gimson,ggimsonh1@ovh.net,Female,2013-10-27,40
615,Alexio,Dictus,adictush2@ca.gov,Male,2008-10-21,37
616,Karla,Greggor,kgreggorh3@arstechnica.com,Female,2004-11-27,32
617,Krista,Wilshaw,kwilshawh4@marriott.com,Female,2019-01-06,46
618,Natalina,Selesnick,nselesnickh5@godaddy.com,Female,2017-10-27,40
619,Rosemaria,Philcox,rphilcoxh6@walmart.com,Female,2017-07-31,27
620,Johnath,Childes,jchildesh7@reddit.com,Female,2019-08-04,44
621,Cart,Glantz,cglantzh8@prnewswire.com,Male,2007-10-01,55
622,Vonny,Issatt,vissatth9@wordpress.org,Female,2011-05-12,45
623,Herve,Timbridge,htimbridgeha@google.ca,Male,2001-12-03,39
624,Melly,Ricarde,mricardehb@purevolume.com,Female,2017-05-08,50
625,Karla,Weyman,kweymanhc@google.com.hk,Female,2018-01-07,53
626,Zerk,Wannan,zwannanhd@1und1.de,Male,2007-10-01,35
627,Gipsy,Hardstaff,ghardstaffhe@de.vu,Female,2005-07-21,49
628,Selestina,Heintzsch,sheintzschhf@godaddy.com,Female,2019-03-02,32
629,Everett,Norcliff,enorcliffhg@de.vu,Male,2012-07-03,40
630,Graehme,Cornthwaite,gcornthwaitehh@furl.net,Male,2002-04-05,22
631,Rosalind,Leavry,rleavryhi@sakura.ne.jp,Female,2003-12-18,21
632,Tirrell,Caizley,tcaizleyhj@techcrunch.com,Male,2000-10-15,50
633,Kendricks,Tilford,ktilfordhk@studiopress.com,Male,2002-03-24,51
634,Sasha,Batterham,sbatterhamhl@businessinsider.com,Male,2004-05-17,44
635,Marcel,Clemont,mclemonthm@virginia.edu,Male,2001-09-10,44
636,Rosco,Benbough,rbenboughhn@trellian.com,Male,2015-12-04,32
637,Erick,Heinssen,eheinssenho@mozilla.org,Male,2008-05-23,36
638,Dale,Damper,ddamperhp@weebly.com,Female,2006-12-09,24
639,Paige,Siman,psimanhq@tinypic.com,Female,2018-01-29,28
640,Jean,Buffy,jbuffyhr@topsy.com,Male,2019-05-04,54
641,Artur,Iohananof,aiohananofhs@fotki.com,Male,2018-09-18,44
642,Lotte,Brok,lbrokht@delicious.com,Female,2007-07-08,33
643,Prentiss,Baert,pbaerthu@gravatar.com,Male,2008-09-21,38
644,Stanford,Hyder,shyderhv@blinklist.com,Male,2008-02-05,31
645,Trix,Picker,tpickerhw@qq.com,Female,2009-08-26,27
646,Belicia,Canland,bcanlandhx@discuz.net,Female,2015-07-07,54
647,Leonore,Coppen,lcoppenhy@psu.edu,Female,2016-11-28,31
648,Burr,Scargill,bscargillhz@cornell.edu,Male,2005-10-15,51
649,Jodee,Lace,jlacei0@businesswire.com,Female,2003-07-01,52
650,Ceciley,McCritichie,cmccritichiei1@wsj.com,Female,2012-03-29,45
651,Morton,Billingsly,mbillingslyi2@vk.com,Male,2006-05-09,54
652,Howie,Chapiro,hchapiroi3@flickr.com,Male,2017-10-13,40
653,Benton,Dehmel,bdehmeli4@ning.com,Male,2009-11-24,24
654,Camel,MacCambridge,cmaccambridgei5@arstechnica.com,Female,2003-08-26,42
655,Katrina,Wadman,kwadmani6@nationalgeographic.com,Female,2011-01-23,51
656,Ardis,Meggison,ameggisoni7@xinhuanet.com,Female,2005-11-05,41
657,Woodrow,De Ruggiero,wderuggieroi8@trellian.com,Male,2012-11-06,55
658,Maighdiln,Yakebovitch,myakebovitchi9@apple.com,Female,2017-06-28,39
659,Baxie,Gerson,bgersonia@booking.com,Male,2010-09-30,40
660,Patty,Karlolak,pkarlolakib@baidu.com,Female,2010-11-29,37
661,Troy,O'Sesnane,tosesnaneic@istockphoto.com,Male,2010-04-06,37
662,Sammy,Castillo,scastilloid@wikipedia.org,Female,2016-08-20,37
663,Chrissie,Austing,caustingie@gnu.org,Male,2007-06-08,47
664,Kit,Shyram,kshyramif@princeton.edu,Male,2010-10-16,45
665,Moll,Blazey,mblazeyig@businessinsider.com,Female,2011-03-23,48
666,Tonnie,Hessenthaler,thessenthalerih@cpanel.net,Male,2012-07-27,25
667,Lombard,Djokic,ldjokicii@reverbnation.com,Male,2017-03-13,28
668,Brendon,Germon,bgermonij@wisc.edu,Male,2011-02-02,35
669,Ileane,Clooney,iclooneyik@mayoclinic.com,Female,2001-05-29,24
670,Daveta,Pellitt,dpellittil@fc2.com,Female,2007-10-11,53
671,Corabella,Springell,cspringellim@seattletimes.com,Female,2017-02-15,27
672,Leroi,Knocker,lknockerin@thetimes.co.uk,Male,2009-11-23,45
673,Tadd,Wyldes,twyldesio@goo.gl,Male,2003-04-25,35
674,Filmore,Matchell,fmatchellip@networkadvertising.org,Male,2018-01-04,48
675,Pearce,Lambole,plamboleiq@hugedomains.com,Male,2008-07-23,39
676,Marcus,Jochens,mjochensir@youku.com,Male,2003-08-21,45
677,Mac,Febvre,mfebvreis@mtv.com,Male,2016-11-15,47
678,Petr,Allman,pallmanit@pinterest.com,Male,2004-08-02,45
679,Ivan,Henke,ihenkeiu@cloudflare.com,Male,2013-05-10,36
680,Juieta,Aizikowitz,jaizikowitziv@theguardian.com,Female,2004-12-20,44
681,Athena,Dirkin,adirkiniw@squarespace.com,Female,2008-09-21,29
682,Arch,Patrick,apatrickix@alibaba.com,Male,2016-08-26,48
683,Sergio,Coton,scotoniy@ucla.edu,Male,2011-03-01,46
684,Loraine,Leyman,lleymaniz@amazon.com,Female,2016-10-14,36
685,Dewie,Mossop,dmossopj0@berkeley.edu,Male,2016-04-17,33
686,Alexandre,Castiello,acastielloj1@thetimes.co.uk,Male,2012-09-10,27
687,Katharina,Pearn,kpearnj2@cbslocal.com,Female,2002-12-31,53
688,Haze,Cucinotta,hcucinottaj3@mozilla.org,Male,2005-06-22,42
689,Robbert,Loughnan,rloughnanj4@taobao.com,Male,2016-03-02,46
690,Adriano,Petera,apeteraj5@auda.org.au,Male,2003-11-27,33
691,Albie,McCartan,amccartanj6@ucla.edu,Male,2005-04-28,47
692,Findley,Gilfoy,fgilfoyj7@odnoklassniki.ru,Male,2010-11-11,31
693,Fairfax,Mizzi,fmizzij8@google.es,Male,2010-08-13,36
694,Cordie,Dradey,cdradeyj9@ucla.edu,Male,2004-06-27,23
695,Gwenneth,Whitford,gwhitfordja@reverbnation.com,Female,2018-01-09,49
696,Fredric,Pentlow,fpentlowjb@bigcartel.com,Male,2007-05-10,35
697,Torr,Thompson,tthompsonjc@yahoo.com,Male,2006-02-15,26
698,Harmon,Thomkins,hthomkinsjd@state.tx.us,Male,2004-01-23,47
699,Emlen,Carlyon,ecarlyonje@unc.edu,Male,2011-07-01,43
700,Chiarra,Cadden,ccaddenjf@dagondesign.com,Female,2006-11-06,26
701,Kelcy,Joslyn,kjoslynjg@google.it,Female,2008-05-14,53
702,Donall,Callear,dcallearjh@dion.ne.jp,Male,2003-11-20,41
703,Gusti,Lingwood,glingwoodji@histats.com,Female,2017-05-01,24
704,Evin,Fish,efishjj@sina.com.cn,Male,2005-04-26,28
705,Hubey,Walshe,hwalshejk@51.la,Male,2013-12-18,34
706,Dotti,Boorn,dboornjl@flickr.com,Female,2014-12-16,35
707,Barnebas,Shelliday,bshellidayjm@geocities.com,Male,2002-12-06,29
708,Harrison,Feathersby,hfeathersbyjn@blogtalkradio.com,Male,2011-08-18,26
709,Charleen,Franz,cfranzjo@vimeo.com,Female,2001-10-21,39
710,Abigail,Justice,ajusticejp@msn.com,Female,2019-06-11,39
711,Jana,Doust,jdoustjq@surveymonkey.com,Female,2007-10-28,54
712,Westbrook,Shervil,wsherviljr@samsung.com,Male,2003-05-06,53
713,Jarrett,Halsey,jhalseyjs@exblog.jp,Male,2004-02-16,29
714,Aggi,MacGaffey,amacgaffeyjt@google.nl,Female,2009-08-25,27
715,Spike,Roath,sroathju@ning.com,Male,2012-07-04,25
716,Alleyn,Drayton,adraytonjv@mapy.cz,Male,2003-07-08,22
717,Bethany,Derbyshire,bderbyshirejw@jimdo.com,Female,2007-05-05,44
718,Chilton,Mercik,cmercikjx@addtoany.com,Male,2019-03-07,30
719,Katee,Tarborn,ktarbornjy@webnode.com,Female,2005-12-18,25
720,Orville,Fauning,ofauningjz@dmoz.org,Male,2019-04-16,48
721,Pernell,Bunt,pbuntk0@virginia.edu,Male,2019-09-27,28
722,Josey,Durnill,jdurnillk1@smh.com.au,Female,2000-11-19,21
723,Ritchie,Olenchenko,rolenchenkok2@dropbox.com,Male,2009-02-07,32
724,Raynard,Breakwell,rbreakwellk3@nationalgeographic.com,Male,2004-02-07,54
725,Hadley,Bloom,hbloomk4@booking.com,Male,2005-08-17,30
726,Curry,Whacket,cwhacketk5@cocolog-nifty.com,Male,2012-02-01,48
727,Emlen,McInnery,emcinneryk6@bbb.org,Male,2018-09-02,45
728,Nate,Dallow,ndallowk7@people.com.cn,Male,2003-08-23,38
729,Violetta,Blasing,vblasingk8@samsung.com,Female,2005-02-10,37
730,Anastasia,Bittlestone,abittlestonek9@sitemeter.com,Female,2017-07-19,23
731,Bayard,Ferreri,bferrerika@opensource.org,Male,2002-10-26,48
732,Staford,Marlin,smarlinkb@cdc.gov,Male,2001-11-25,34
733,Esme,Pouck,epouckkc@artisteer.com,Male,2012-03-20,22
734,Blisse,Sabben,bsabbenkd@mapquest.com,Female,2009-11-22,50
735,Sondra,Ingram,singramke@rambler.ru,Female,2012-06-22,44
736,Saunderson,Rookledge,srookledgekf@gmpg.org,Male,2002-09-03,55
737,Elwood,Tremelling,etremellingkg@seesaa.net,Male,2001-02-24,41
738,Teodora,Splevins,tsplevinskh@archive.org,Female,2005-03-23,43
739,Julian,Joll,jjollki@drupal.org,Male,2013-06-19,28
740,Valle,Dobey,vdobeykj@narod.ru,Male,2010-07-19,32
741,York,Robley,yrobleykk@uol.com.br,Male,2009-01-14,39
742,Abdel,Hanniger,ahannigerkl@google.com,Male,2008-04-14,30
743,Vittorio,Baike,vbaikekm@comsenz.com,Male,2013-04-06,33
744,Belvia,Strethill,bstrethillkn@sitemeter.com,Female,2014-09-25,25
745,Winnie,Lillie,wlillieko@qq.com,Male,2001-06-19,24
746,Jeannine,Verick,jverickkp@blinklist.com,Female,2013-07-23,31
747,Joshuah,Loudon,jloudonkq@engadget.com,Male,2015-10-06,32
748,Agretha,Wynett,awynettkr@imageshack.us,Female,2008-03-27,25
749,Kenneth,Coot,kcootks@icq.com,Male,2002-10-16,28
750,Siobhan,Begwell,sbegwellkt@google.nl,Female,2015-05-19,39
751,Loleta,Denisovo,ldenisovoku@google.ca,Female,2019-02-18,30
752,Lemmie,Connock,lconnockkv@deviantart.com,Male,2007-09-27,38
753,Sollie,Gadsden,sgadsdenkw@ted.com,Male,2017-06-05,50
754,Juliann,Scutching,jscutchingkx@scribd.com,Female,2018-05-17,25
755,Carlee,Olliar,colliarky@jiathis.com,Female,2019-05-25,32
756,Chloette,Furmage,cfurmagekz@biglobe.ne.jp,Female,2012-03-25,55
757,Terri,Ramet,trametl0@tinypic.com,Male,2018-07-20,29
758,Darsie,Knoller,dknollerl1@forbes.com,Female,2018-03-05,49
759,Pavel,Winkless,pwinklessl2@state.tx.us,Male,2011-10-31,36
760,Karly,Grain,kgrainl3@wunderground.com,Female,2004-07-23,37
761,Wayland,Pontin,wpontinl4@bbb.org,Male,2003-04-14,47
762,Skipton,Sexon,ssexonl5@nytimes.com,Male,2018-12-15,33
763,Chryste,Gue,cguel6@printfriendly.com,Female,2007-11-02,25
764,Marve,Ashleigh,mashleighl7@woothemes.com,Male,2012-10-15,30
765,Rodge,Driffill,rdriffilll8@rakuten.co.jp,Male,2001-04-30,36
766,Nedda,Bamfield,nbamfieldl9@nationalgeographic.com,Female,2005-03-02,55
767,Edna,Attoc,eattocla@archive.org,Female,2005-03-05,38
768,Liliane,Beaumont,lbeaumontlb@mapquest.com,Female,2008-09-07,31
769,Kristal,Beasleigh,kbeasleighlc@dyndns.org,Female,2019-03-29,29
770,Jorey,Zoppo,jzoppold@nymag.com,Female,2002-01-16,55
771,Lindon,Houseley,lhouseleyle@google.com.au,Male,2015-11-30,21
772,Colas,Pether,cpetherlf@de.vu,Male,2011-08-29,34
773,Rosabel,Grzegorzewski,rgrzegorzewskilg@pagesperso-orange.fr,Female,2003-05-09,32
774,Blaine,Karpinski,bkarpinskilh@earthlink.net,Male,2014-09-17,49
775,Charlotte,Pert,cpertli@unesco.org,Female,2003-03-13,31
776,Orelia,Papa,opapalj@nps.gov,Female,2004-06-28,31
777,Wenda,Etherington,wetheringtonlk@dion.ne.jp,Female,2012-12-15,26
778,Corella,Carr,ccarrll@oracle.com,Female,2016-05-14,41
779,Clem,Mapam,cmapamlm@cdbaby.com,Male,2018-11-27,25
780,Minnie,Marde,mmardeln@mayoclinic.com,Female,2002-07-08,31
781,Blane,Pattle,bpattlelo@live.com,Male,2001-10-01,55
782,Lorena,Menico,lmenicolp@google.com,Female,2011-09-15,29
783,Daune,von Nassau,dvonnassaulq@livejournal.com,Female,2018-12-03,50
784,Bertie,Filintsev,bfilintsevlr@irs.gov,Female,2015-06-16,30
785,Verla,Mathwin,vmathwinls@diigo.com,Female,2001-04-12,24
786,Benita,Le Frank,blefranklt@tinypic.com,Female,2012-02-12,42
787,Leroy,Batterham,lbatterhamlu@wisc.edu,Male,2001-10-23,50
788,Frannie,Drewry,fdrewrylv@mapy.cz,Male,2005-02-09,40
789,Deanne,Fyfe,dfyfelw@house.gov,Female,2015-04-28,50
790,Gaye,Corey,gcoreylx@answers.com,Female,2014-12-10,43
791,Irwinn,Kiraly,ikiralyly@ameblo.jp,Male,2012-02-25,48
792,Page,Tonbye,ptonbyelz@hexun.com,Male,2003-05-26,51
793,Thoma,Carrack,tcarrackm0@linkedin.com,Male,2002-05-20,23
794,Delmore,Delieu,ddelieum1@ocn.ne.jp,Male,2005-05-26,26
795,Ursula,Gallafant,ugallafantm2@altervista.org,Female,2017-12-25,26
796,Joella,Mottley,jmottleym3@usgs.gov,Female,2000-12-12,40
797,Kellen,Hendrickson,khendricksonm4@over-blog.com,Female,2019-03-01,41
798,Kalinda,Manginot,kmanginotm5@ning.com,Female,2016-09-06,41
799,Kellen,Brownlow,kbrownlowm6@state.tx.us,Female,2016-02-05,25
800,Foss,Brome,fbromem7@4shared.com,Male,2014-10-30,22
801,Bowie,Greatbach,bgreatbachm8@livejournal.com,Male,2011-06-15,39
802,Hetty,Dhennin,hdhenninm9@icq.com,Female,2019-06-05,43
803,Auroora,Gherardini,agherardinima@ning.com,Female,2012-09-19,46
804,Kathryne,Betancourt,kbetancourtmb@blogtalkradio.com,Female,2001-10-02,39
805,Aggy,Jane,ajanemc@4shared.com,Female,2005-04-08,46
806,Cozmo,Jeskin,cjeskinmd@time.com,Male,2010-12-19,48
807,Nathanael,Palffrey,npalffreyme@ibm.com,Male,2001-11-20,40
808,Elbertina,Bagnal,ebagnalmf@oracle.com,Female,2013-02-05,43
809,Wainwright,Overil,woverilmg@google.ca,Male,2019-04-12,37
810,Martynne,Golland,mgollandmh@boston.com,Female,2005-08-07,25
811,Smith,Maynell,smaynellmi@nasa.gov,Male,2010-06-13,43
812,Albrecht,Fry,afrymj@about.me,Male,2010-12-08,25
813,Lulu,Tabor,ltabormk@blogger.com,Female,2017-08-25,35
814,Berenice,Postans,bpostansml@cyberchimps.com,Female,2004-01-11,29
815,Abey,Sciacovelli,asciacovellimm@furl.net,Male,2017-03-20,46
816,Myles,Leverentz,mleverentzmn@eepurl.com,Male,2019-06-26,30
817,Haskell,Dukelow,hdukelowmo@tripod.com,Male,2003-05-09,25
818,Glenine,Yockley,gyockleymp@delicious.com,Female,2006-05-16,28
819,Minerva,Irving,mirvingmq@wikipedia.org,Female,2007-04-26,34
820,Eveleen,Hacquel,ehacquelmr@google.com,Female,2010-08-03,23
821,Rozamond,Justice,rjusticems@aboutads.info,Female,2017-11-03,38
822,Anatole,Redler,aredlermt@newsvine.com,Male,2001-03-01,36
823,Carrissa,Loache,cloachemu@jimdo.com,Female,2014-05-11,38
824,Spense,Sanders,ssandersmv@163.com,Male,2011-02-06,48
825,Dorisa,Roggeman,droggemanmw@miitbeian.gov.cn,Female,2010-05-20,34
826,Morly,Seeborne,mseebornemx@google.nl,Male,2007-11-06,46
827,Forester,Scaysbrook,fscaysbrookmy@zdnet.com,Male,2004-05-25,39
828,Tilly,Arons,taronsmz@adobe.com,Female,2015-03-08,54
829,Tobie,Poyntz,tpoyntzn0@youtu.be,Male,2005-01-22,54
830,Joanna,Kenward,jkenwardn1@state.gov,Female,2018-12-30,46
831,Frederich,MacGillivrie,fmacgillivrien2@elpais.com,Male,2006-12-29,41
832,Aldus,Willgoss,awillgossn3@chronoengine.com,Male,2014-12-10,23
833,Lind,Gleasane,lgleasanen4@cyberchimps.com,Male,2013-04-20,33
834,Normand,Cawston,ncawstonn5@google.it,Male,2015-12-20,38
835,Tallulah,Wenger,twengern6@tmall.com,Female,2019-08-28,35
836,Mort,Blyth,mblythn7@plala.or.jp,Male,2019-07-09,39
837,Elset,Ramage,eramagen8@washington.edu,Female,2016-08-16,54
838,Munmro,Hanmore,mhanmoren9@google.com,Male,2015-09-12,49
839,Berne,McGarrahan,bmcgarrahanna@nih.gov,Male,2001-08-13,26
840,Erroll,Alenin,ealeninnb@nytimes.com,Male,2016-02-01,26
841,Gerti,Newell,gnewellnc@microsoft.com,Female,2003-09-10,32
842,Nikki,Leipnik,nleipniknd@yolasite.com,Female,2005-09-12,55
843,Bronnie,Baddoe,bbaddoene@networksolutions.com,Male,2006-06-09,49
844,Clem,Hawkey,chawkeynf@is.gd,Male,2008-02-07,42
845,Gustav,Sone,gsoneng@home.pl,Male,2010-05-14,43
846,Daloris,Capron,dcapronnh@artisteer.com,Female,2005-01-15,32
847,Lindsy,McElroy,lmcelroyni@businessinsider.com,Female,2004-06-09,26
848,Gerick,Vankeev,gvankeevnj@umn.edu,Male,2015-03-15,26
849,Kirsten,Ravenscroftt,kravenscrofttnk@mtv.com,Female,2010-02-16,38
850,Karole,Wintersgill,kwintersgillnl@elegantthemes.com,Female,2004-10-26,49
851,Benjamin,Heckner,bhecknernm@sina.com.cn,Male,2008-05-29,28
852,Marga,Iley,mileynn@xing.com,Female,2019-06-07,55
853,Emlynne,Rheam,erheamno@craigslist.org,Female,2003-12-24,36
854,Cara,McLagain,cmclagainnp@163.com,Female,2003-12-14,44
855,Joellen,Thorogood,jthorogoodnq@abc.net.au,Female,2006-11-30,40
856,Tailor,Blacklock,tblacklocknr@bluehost.com,Male,2018-05-04,34
857,Mahalia,Trunkfield,mtrunkfieldns@twitpic.com,Female,2018-10-30,43
858,Ardath,Ramey,arameynt@networkadvertising.org,Female,2001-10-14,29
859,Aldis,Inggall,ainggallnu@vinaora.com,Male,2009-02-17,27
860,Barbara,Ledson,bledsonnv@zdnet.com,Female,2003-04-23,22
861,Farand,Hurton,fhurtonnw@wikispaces.com,Female,2002-08-01,42
862,Ardyce,Coleiro,acoleironx@toplist.cz,Female,2006-05-07,30
863,Farrand,Antognoni,fantognoniny@google.ru,Female,2004-12-15,54
864,Mack,Grand,mgrandnz@meetup.com,Male,2014-08-26,26
865,Selinda,McHaffy,smchaffyo0@so-net.ne.jp,Female,2019-03-17,21
866,Francklin,Bottelstone,fbottelstoneo1@ocn.ne.jp,Male,2003-06-18,49
867,Robby,Done,rdoneo2@mac.com,Female,2001-12-19,34
868,Flossie,Austick,fausticko3@ifeng.com,Female,2015-09-21,25
869,Orlando,Gribbins,ogribbinso4@nasa.gov,Male,2009-06-18,53
870,Jacki,Zellick,jzellicko5@g.co,Female,2009-05-21,34
871,Julie,Longden,jlongdeno6@stumbleupon.com,Female,2015-09-01,30
872,Spenser,Whitlaw,swhitlawo7@amazon.co.uk,Male,2011-03-02,35
873,Marven,Mowsdill,mmowsdillo8@bizjournals.com,Male,2005-07-23,41
874,Anna-diane,Gregor,agregoro9@businessinsider.com,Female,2007-01-17,47
875,Enriqueta,Brecknell,ebrecknelloa@istockphoto.com,Female,2012-05-07,32
876,Emlyn,Gouinlock,egouinlockob@soundcloud.com,Female,2012-10-30,54
877,Kaia,Westmoreland,kwestmorelandoc@webmd.com,Female,2003-08-06,29
878,Quintin,Extal,qextalod@google.com.hk,Male,2015-08-11,25
879,Gwynne,Charlton,gcharltonoe@netscape.com,Female,2016-06-27,37
880,Bryce,Smieton,bsmietonof@weather.com,Male,2016-11-02,29
881,Gisela,Altree,galtreeog@exblog.jp,Female,2002-12-20,38
882,Alden,Raggles,aragglesoh@digg.com,Male,2006-09-14,38
883,Parker,Putley,pputleyoi@51.la,Male,2019-01-24,40
884,Karee,Rowter,krowteroj@feedburner.com,Female,2004-05-16,51
885,Mohammed,Lippiatt,mlippiattok@facebook.com,Male,2015-03-20,48
886,Laney,Espin,lespinol@yellowpages.com,Female,2008-12-08,35
887,Ulla,Hauxby,uhauxbyom@blinklist.com,Female,2010-09-14,53
888,Frankie,Pideon,fpideonon@1688.com,Male,2007-02-06,29
889,Nichols,Keohane,nkeohaneoo@java.com,Male,2014-05-02,36
890,Remington,Haldenby,rhaldenbyop@tamu.edu,Male,2010-01-16,37
891,Nydia,Prosch,nproschoq@rediff.com,Female,2015-01-23,51
892,Nolly,Petz,npetzor@biglobe.ne.jp,Male,2012-05-14,31
893,Inessa,Mea,imeaos@indiegogo.com,Female,2002-05-27,25
894,Elliot,Scoterbosh,escoterboshot@cbc.ca,Male,2003-11-20,51
895,Darelle,Ferreiro,dferreiroou@microsoft.com,Female,2013-08-03,52
896,Frances,Sturte,fsturteov@com.com,Female,2003-06-11,55
897,Antin,Fairlem,afairlemow@mapquest.com,Male,2017-04-29,40
898,Terri,Jealous,tjealousox@list-manage.com,Female,2014-06-27,44
899,Jo-anne,Grimditch,jgrimditchoy@fastcompany.com,Female,2007-08-17,52
900,Emmery,Maw,emawoz@guardian.co.uk,Male,2012-10-17,31
901,Allsun,Upjohn,aupjohnp0@apache.org,Female,2002-05-19,44
902,Papageno,Fielden,pfieldenp1@home.pl,Male,2005-02-01,26
903,Neala,Scally,nscallyp2@joomla.org,Female,2003-10-30,41
904,Adela,Diwell,adiwellp3@t.co,Female,2012-08-04,51
905,Abbe,Islep,aislepp4@intel.com,Male,2018-05-12,28
906,Maible,Wyre,mwyrep5@privacy.gov.au,Female,2015-12-01,50
907,Laurel,Hissie,lhissiep6@soup.io,Female,2014-06-15,53
908,Flora,Conley,fconleyp7@privacy.gov.au,Female,2004-09-21,40
909,Myrtice,Biford,mbifordp8@businesswire.com,Female,2003-04-10,33
910,Lamont,Szimon,lszimonp9@technorati.com,Male,2006-11-02,48
911,Doris,Glyssanne,dglyssannepa@dailymotion.com,Female,2015-03-10,52
912,Gerri,Grigoryev,ggrigoryevpb@washington.edu,Female,2017-08-19,33
913,Stefano,Gouldeby,sgouldebypc@arizona.edu,Male,2010-03-15,37
914,Morey,Brockman,mbrockmanpd@dell.com,Male,2016-10-02,52
915,Torr,Browncey,tbrownceype@sogou.com,Male,2008-05-04,27
916,Neilla,Eagle,neaglepf@canalblog.com,Female,2007-09-09,27
917,Hilton,Heale,hhealepg@admin.ch,Male,2004-11-04,51
918,Rosina,Dossett,rdossettph@xing.com,Female,2003-10-17,36
919,Filide,Virgo,fvirgopi@dot.gov,Female,2012-04-30,55
920,Florida,Drohane,fdrohanepj@sciencedaily.com,Female,2008-02-05,26
921,Margi,Hassett,mhassettpk@instagram.com,Female,2008-01-21,40
922,Emylee,Mac Giany,emacgianypl@google.com.au,Female,2007-06-24,32
923,Gussie,Panons,gpanonspm@tripod.com,Female,2014-09-05,33
924,Leah,Brazear,lbrazearpn@narod.ru,Female,2015-08-31,26
925,Barbee,Winger,bwingerpo@amazon.com,Female,2003-04-23,44
926,Rita,Diggles,rdigglespp@ftc.gov,Female,2007-08-15,28
927,Kaleb,Sutor,ksutorpq@cnet.com,Male,2015-10-24,24
928,Vick,Ben,vbenpr@bbc.co.uk,Male,2004-03-14,39
929,Carce,Korb,ckorbps@jigsy.com,Male,2002-09-09,31
930,Terri,Landrick,tlandrickpt@clickbank.net,Male,2018-08-26,40
931,Gilbertina,Nuttey,gnutteypu@github.io,Female,2010-10-11,22
932,Lanie,Vlasenkov,lvlasenkovpv@dropbox.com,Male,2012-04-04,24
933,Valida,Braywood,vbraywoodpw@slate.com,Female,2009-01-04,39
934,Prudi,Bondesen,pbondesenpx@senate.gov,Female,2012-10-08,23
935,Arvin,Ruddock,aruddockpy@bing.com,Male,2018-09-11,48
936,Lisabeth,Aaronson,laaronsonpz@biblegateway.com,Female,2011-03-25,27
937,Lusa,Domerq,ldomerqq0@upenn.edu,Female,2006-07-22,49
938,Brockie,Pavic,bpavicq1@intel.com,Male,2018-02-16,33
939,Andrus,Posnette,aposnetteq2@imageshack.us,Male,2010-10-28,39
940,Doria,Bosket,dbosketq3@i2i.jp,Female,2012-03-25,34
941,Burch,Meneyer,bmeneyerq4@bloomberg.com,Male,2005-01-23,42
942,Agretha,Marton,amartonq5@cisco.com,Female,2002-01-21,30
943,Maje,Pendered,mpenderedq6@webmd.com,Male,2011-08-07,49
944,Cate,Sainsberry,csainsberryq7@comcast.net,Female,2019-02-12,47
945,Carey,Sheryn,csherynq8@surveymonkey.com,Female,2016-03-12,40
946,Neils,Longmate,nlongmateq9@g.co,Male,2009-11-12,34
947,Amberly,Slyne,aslyneqa@economist.com,Female,2005-03-24,24
948,Ethel,Maycey,emayceyqb@mapy.cz,Female,2007-03-27,36
949,Woodrow,Hedditeh,whedditehqc@nhs.uk,Male,2012-12-25,49
950,Cassi,Goulbourn,cgoulbournqd@psu.edu,Female,2008-12-23,39
951,Codi,Ingerman,cingermanqe@gravatar.com,Female,2006-12-26,34
952,Virgie,Billingham,vbillinghamqf@narod.ru,Male,2006-01-19,54
953,Therese,Clohessy,tclohessyqg@kickstarter.com,Female,2015-02-23,21
954,Walt,Wasteney,wwasteneyqh@amazon.co.jp,Male,2015-10-05,46
955,Lloyd,Fawthorpe,lfawthorpeqi@163.com,Male,2005-10-21,47
956,Natasha,Bearns,nbearnsqj@sitemeter.com,Female,2007-12-29,32
957,Pet,Dewane,pdewaneqk@sakura.ne.jp,Female,2004-01-19,37
958,Fidela,Klimsch,fklimschql@hao123.com,Female,2018-07-11,34
959,Sander,Ecob,secobqm@360.cn,Male,2009-08-25,28
960,Ibbie,Kernell,ikernellqn@buzzfeed.com,Female,2013-07-29,32
961,Gray,Larrington,glarringtonqo@wikimedia.org,Male,2001-02-27,22
962,Roland,Haster,rhasterqp@baidu.com,Male,2011-05-29,31
963,Odo,Shower,oshowerqq@issuu.com,Male,2014-02-21,33
964,Reese,Snowball,rsnowballqr@imageshack.us,Male,2012-02-14,32
965,Lavinia,Huortic,lhuorticqs@ocn.ne.jp,Female,2006-04-02,25
966,Daisie,Cafferky,dcafferkyqt@networkadvertising.org,Female,2014-01-22,32
967,Linet,Darke,ldarkequ@amazon.co.jp,Female,2001-12-07,55
968,Cherice,Landall,clandallqv@dell.com,Female,2018-09-16,46
969,Rivalee,Crummy,rcrummyqw@ovh.net,Female,2019-05-06,50
970,Melesa,Lorden,mlordenqx@mozilla.org,Female,2005-11-05,43
971,Carolan,Franke,cfrankeqy@pbs.org,Female,2011-10-05,45
972,Leopold,Hancke,lhanckeqz@discuz.net,Male,2003-05-06,43
973,Jedd,Battaille,jbattailler0@freewebs.com,Male,2018-10-29,34
974,Matty,Mariaud,mmariaudr1@google.com,Female,2004-06-30,21
975,Griffy,Nuzzti,gnuzztir2@paginegialle.it,Male,2005-03-23,26
976,Robinson,Lunbech,rlunbechr3@columbia.edu,Male,2004-08-09,33
977,Kennedy,Tungate,ktungater4@ebay.com,Male,2002-02-21,35
978,Des,de Chastelain,ddechastelainr5@ca.gov,Male,2006-07-01,55
979,Dall,McGrowther,dmcgrowtherr6@state.tx.us,Male,2009-07-23,52
980,Lorrie,Inold,linoldr7@soup.io,Female,2008-06-09,24
981,Mattias,Buddock,mbuddockr8@pagesperso-orange.fr,Male,2006-04-16,33
982,Fiona,Tripet,ftripetr9@vkontakte.ru,Female,2008-10-12,48
983,Torey,Mead,tmeadra@e-recht24.de,Female,2010-08-14,43
984,Gris,Laurenzi,glaurenzirb@ameblo.jp,Male,2011-12-19,23
985,Billie,Dinley,bdinleyrc@webnode.com,Male,2018-07-06,48
986,Pippa,Gosforth,pgosforthrd@blogspot.com,Female,2010-08-12,25
987,Gwen,Orr,gorrre@nih.gov,Female,2007-04-01,39
988,Kerr,Attryde,kattryderf@walmart.com,Male,2012-07-13,34
989,Geno,Eilles,geillesrg@ucsd.edu,Male,2007-01-29,43
990,Oralla,Farquar,ofarquarrh@hubpages.com,Female,2011-09-22,31
991,Ruthy,Skidmore,rskidmoreri@mapy.cz,Female,2010-10-23,54
992,Alley,Branigan,abraniganrj@xrea.com,Male,2001-04-13,55
993,Phylys,Bondar,pbondarrk@npr.org,Female,2006-03-31,39
994,Libby,Swyn,lswynrl@zdnet.com,Female,2001-01-06,50
995,Bennett,De Ruggiero,bderuggierorm@squidoo.com,Male,2013-06-18,45
996,Letitia,Maggill'Andreis,lmaggillandreisrn@goo.gl,Female,2010-06-02,44
997,Lisabeth,Shirley,lshirleyro@devhub.com,Female,2004-07-21,29
998,Dur,Wibrew,dwibrewrp@1und1.de,Male,2012-05-06,51
999,Wendel,Moizer,wmoizerrq@ox.ac.uk,Male,2001-06-05,51
1000,Carling,Giraudy,cgiraudyrr@github.com,Male,2018-07-06,21
