id,first_name,last_name,email,gender,ip_address,socialSecurity,age
1,Jasmina,Crocetto,jcrocetto0@odnoklassniki.ru,Female,90.139.240.83,896-40-5515,33
2,Claresta,Ruddoch,cruddoch1@bloglines.com,Female,159.57.197.130,348-75-2708,36
3,Dyann,O'Crevan,docrevan2@goo.gl,Female,116.193.181.137,617-64-6313,28
4,Leo,Carville,lcarville3@phpbb.com,Male,70.220.26.157,480-69-4225,41
5,Clari,Brickell,cbrickell4@tinypic.com,Female,40.183.198.63,149-10-0516,22
6,Malynda,Leggis,mleggis5@japanpost.jp,Female,5.95.138.135,887-42-1847,41
7,Ingaberg,Bambery,ibambery6@odnoklassniki.ru,Female,128.45.131.9,348-42-6685,36
8,Inesita,Ivashnikov,iivashnikov7@bing.com,Female,255.59.250.235,753-58-4873,28
9,Bear,Cescotti,bcescotti8@hubpages.com,Male,4.127.116.28,534-94-3508,38
10,Toinette,Lathy,tlathy9@businessweek.com,Female,203.250.246.173,429-02-7198,23
11,Arnie,Crowley,acrowleya@wordpress.com,Male,179.128.201.90,712-92-3629,49
12,Kattie,Rainsden,krainsdenb@yahoo.co.jp,Female,252.55.232.250,765-46-6214,38
13,Kelsi,Levermore,klevermorec@issuu.com,Female,234.239.135.173,715-96-6414,35
14,Dionisio,Records,drecordsd@cnn.com,Male,250.52.147.12,375-43-6809,49
15,Marie,Marzele,mmarzelee@taobao.com,Female,234.65.161.63,484-64-2056,42
16,Deirdre,Merigeau,dmerigeauf@sfgate.com,Female,17.43.140.153,633-43-0508,34
17,Salome,Markovic,smarkovicg@tamu.edu,Female,116.48.242.186,224-08-0646,41
18,Silvan,Parfrey,sparfreyh@biglobe.ne.jp,Male,74.31.160.32,431-42-7148,43
19,Brandyn,Tander,btanderi@themeforest.net,Male,245.7.8.146,671-35-5918,43
20,Ozzy,Couche,ocouchej@phoca.cz,Male,127.168.174.194,599-05-7396,43
21,Olag,Pragnall,opragnallk@google.es,Male,124.54.104.235,515-19-2793,36
22,Enriqueta,Summersby,esummersbyl@cornell.edu,Female,18.112.136.196,888-03-7834,26
23,Carce,Costellow,ccostellowm@ca.gov,Male,219.251.53.176,580-72-0162,50
24,Aldis,McGruar,amcgruarn@sitemeter.com,Male,153.145.212.35,627-85-4604,28
25,Lorry,Surmeyer,lsurmeyero@paginegialle.it,Female,104.62.167.176,728-54-3565,33
26,Alena,Beernaert,abeernaertp@washingtonpost.com,Female,86.100.58.213,677-96-7866,46
27,Linn,Probart,lprobartq@wordpress.com,Male,79.131.44.64,224-84-5282,42
28,Chan,Lengthorn,clengthornr@linkedin.com,Male,185.82.101.175,766-54-3960,29
29,Abrahan,Yeiles,ayeiless@senate.gov,Male,6.98.50.0,132-03-5452,31
30,Bobbette,Carmen,bcarment@umn.edu,Female,179.60.63.168,894-73-5936,21
31,Dorian,Piddock,dpiddocku@hexun.com,Male,127.207.109.216,498-87-9410,47
32,Colver,Gagen,cgagenv@aol.com,Male,27.53.2.157,318-79-2983,35
33,Nessa,Pate,npatew@zimbio.com,Female,230.57.194.97,395-59-5106,27
34,Deane,Maplethorpe,dmaplethorpex@bing.com,Female,156.219.195.184,377-05-4631,25
35,Orella,Butterwick,obutterwicky@ca.gov,Female,93.165.66.228,770-34-5440,32
36,Cora,Cyphus,ccyphusz@artisteer.com,Female,115.197.247.240,752-79-9422,38
37,Barbey,Webburn,bwebburn10@npr.org,Female,92.232.228.41,372-27-2990,23
38,Dulcia,McCaster,dmccaster11@princeton.edu,Female,95.83.139.69,128-50-0807,27
39,Licha,Roggerone,lroggerone12@printfriendly.com,Female,176.66.12.71,583-76-5883,29
40,Eugenio,Francescuccio,efrancescuccio13@addthis.com,Male,32.206.1.185,765-41-3254,38
41,Etti,Grafton,egrafton14@symantec.com,Female,157.185.208.2,755-94-7081,28
42,Casey,Larimer,clarimer15@boston.com,Male,189.235.204.74,421-79-1108,26
43,Hunfredo,Busse,hbusse16@businesswire.com,Male,98.20.140.238,696-45-9149,28
44,Teresa,Smedmoor,tsmedmoor17@is.gd,Female,20.99.82.56,510-92-2771,31
45,Ivy,Gerasch,igerasch18@rakuten.co.jp,Female,134.244.244.35,312-46-0165,39
46,Kiah,Getley,kgetley19@flavors.me,Female,158.173.81.143,839-64-6418,33
47,Ernst,Tryme,etryme1a@freewebs.com,Male,80.147.99.68,818-27-2439,24
48,Ursa,Clements,uclements1b@boston.com,Female,166.7.223.148,691-67-9245,29
49,Lonee,Atteridge,latteridge1c@fda.gov,Female,169.153.161.168,687-05-3467,22
50,Myer,Patise,mpatise1d@unc.edu,Male,37.122.182.8,899-13-4678,29
51,Minny,Easum,measum1e@earthlink.net,Female,189.41.153.77,395-13-9079,47
52,Hill,Sallowaye,hsallowaye1f@tumblr.com,Male,122.248.190.46,827-35-5500,25
53,Sanford,Frearson,sfrearson1g@parallels.com,Male,45.156.26.199,421-27-9496,27
54,Buddie,Pauls,bpauls1h@webnode.com,Male,109.128.90.57,684-20-3955,41
55,Jamison,Bente,jbente1i@hao123.com,Male,149.168.247.181,675-37-0778,27
56,Rhianna,Sturton,rsturton1j@businessweek.com,Female,221.88.2.153,734-06-0758,21
57,Vassily,Cracknall,vcracknall1k@harvard.edu,Male,77.221.128.255,540-36-9668,38
58,Vivien,Dollin,vdollin1l@sohu.com,Female,87.55.225.145,431-77-8522,50
59,Essie,Payle,epayle1m@bbc.co.uk,Female,64.143.32.227,533-11-7160,27
60,Shea,Barensen,sbarensen1n@1und1.de,Male,190.203.140.94,836-68-7660,47
61,Nessie,Chadburn,nchadburn1o@cbslocal.com,Female,134.143.247.124,522-95-9194,33
62,Bambie,Kondratenya,bkondratenya1p@fotki.com,Female,176.132.160.176,709-93-9225,32
63,Diann,Jiricka,djiricka1q@theatlantic.com,Female,77.50.218.203,394-67-1270,49
64,Margarethe,Lethlay,mlethlay1r@chron.com,Female,207.75.160.76,321-83-3044,47
65,Fernanda,Limon,flimon1s@jalbum.net,Female,186.184.6.9,786-89-2578,36
66,Tobias,Mackin,tmackin1t@sohu.com,Male,118.235.173.208,239-39-3151,23
67,Olly,Crowder,ocrowder1u@elpais.com,Male,216.150.25.158,102-10-8562,46
68,Lyn,Scroggie,lscroggie1v@example.com,Male,112.93.17.166,265-13-2480,32
69,Suellen,Vicarey,svicarey1w@sciencedaily.com,Female,102.43.215.82,256-56-7952,40
70,Henrie,Haselhurst,hhaselhurst1x@t.co,Female,100.137.127.50,699-73-3024,29
71,Franny,Kirkham,fkirkham1y@e-recht24.de,Male,194.24.1.218,764-19-5416,45
72,Delmar,O' Meara,domeara1z@ucsd.edu,Male,122.68.78.148,403-65-9726,46
73,Evered,Kosiada,ekosiada20@webs.com,Male,182.39.222.114,654-51-4278,48
74,Jacquie,Toten,jtoten21@ask.com,Female,24.83.88.59,814-55-1439,32
75,Ermengarde,Goldsbrough,egoldsbrough22@techcrunch.com,Female,45.236.22.77,413-87-1055,37
76,Darcy,Arkill,darkill23@si.edu,Female,125.133.143.45,745-14-3360,40
77,Etti,Yielding,eyielding24@princeton.edu,Female,74.237.13.160,457-53-9078,24
78,Lambert,Van Der Straaten,lvanderstraaten25@liveinternet.ru,Male,104.120.56.183,560-09-0311,22
79,Lindie,Thow,lthow26@psu.edu,Female,142.254.241.198,483-84-9106,42
80,Sapphira,Kinloch,skinloch27@ehow.com,Female,74.101.142.116,156-11-2844,25
81,Tris,Riseley,triseley28@si.edu,Male,197.22.29.116,337-51-1927,49
82,Noam,O'Kynsillaghe,nokynsillaghe29@pagesperso-orange.fr,Male,11.161.107.244,665-21-1305,21
83,Milly,Turneux,mturneux2a@chronoengine.com,Female,121.4.183.252,382-03-5828,40
84,Marika,Hallowes,mhallowes2b@smugmug.com,Female,137.92.178.108,525-45-0252,43
85,Evelin,Pohlak,epohlak2c@springer.com,Male,156.113.93.71,807-68-5389,50
86,Gale,Kirrens,gkirrens2d@hhs.gov,Female,9.45.108.255,300-94-9218,41
87,Mauricio,Sollowaye,msollowaye2e@1688.com,Male,191.210.199.57,528-59-1784,21
88,Anjanette,Loddy,aloddy2f@creativecommons.org,Female,224.119.27.237,562-98-3745,29
89,Selma,Rodwell,srodwell2g@salon.com,Female,27.57.103.47,869-09-6035,43
90,Addia,McPhilemy,amcphilemy2h@marketwatch.com,Female,28.128.91.71,276-33-3942,23
91,Pippy,Richmond,prichmond2i@japanpost.jp,Female,86.85.181.133,770-79-4878,26
92,Cyndy,Robe,crobe2j@hatena.ne.jp,Female,1.198.191.39,319-95-8133,31
93,Had,Baroch,hbaroch2k@cam.ac.uk,Male,195.67.59.216,657-78-8513,25
94,Ashlin,Shout,ashout2l@symantec.com,Male,108.43.18.137,316-14-1074,35
95,Der,Foakes,dfoakes2m@washingtonpost.com,Male,41.91.240.33,229-96-2568,31
96,Giustino,Rulf,grulf2n@plala.or.jp,Male,255.69.189.21,584-55-4109,30
97,Meris,Grealy,mgrealy2o@google.es,Female,168.86.45.56,438-54-5139,28
98,Robby,Kuhndel,rkuhndel2p@google.cn,Female,170.166.88.14,215-78-5894,27
99,Kaile,Kingdom,kkingdom2q@qq.com,Female,187.110.168.93,240-48-4491,39
100,Moore,Lehrian,mlehrian2r@google.ru,Male,67.197.233.171,827-47-3910,34
101,Chelsy,Turrill,cturrill2s@tripod.com,Female,241.167.48.63,197-66-0968,22
102,Scotty,Grodden,sgrodden2t@netscape.com,Male,20.22.31.219,711-03-0692,21
103,Jessee,Cheake,jcheake2u@istockphoto.com,Male,79.26.20.183,565-26-1777,42
104,Hinze,Egel,hegel2v@vkontakte.ru,Male,202.180.116.184,360-54-7535,46
105,Monte,Cattle,mcattle2w@usgs.gov,Male,92.13.62.138,639-94-3277,43
106,Lisbeth,Tamburi,ltamburi2x@parallels.com,Female,217.152.40.138,534-14-0132,44
107,Malvin,Greenier,mgreenier2y@tripadvisor.com,Male,255.45.166.171,103-11-6213,27
108,Donnie,Critchley,dcritchley2z@statcounter.com,Male,214.144.52.94,564-38-8145,28
109,Jourdain,Tight,jtight30@diigo.com,Male,111.106.91.245,389-47-6639,37
110,Eugene,Wivell,ewivell31@netscape.com,Male,209.181.135.80,803-23-7769,49
111,Charita,Whiten,cwhiten32@senate.gov,Female,144.40.96.42,308-47-7828,38
112,Suzie,Bole,sbole33@marriott.com,Female,130.235.53.90,155-19-1542,40
113,Ida,Lucius,ilucius34@wired.com,Female,39.100.197.161,603-79-2684,22
114,Ilyssa,Erat,ierat35@techcrunch.com,Female,40.230.162.28,566-43-7547,40
115,Cally,Labbett,clabbett36@acquirethisname.com,Female,142.205.8.225,258-91-0910,45
116,Demetris,Weighell,dweighell37@vkontakte.ru,Female,141.210.93.41,343-59-7575,40
117,Nina,Harriot,nharriot38@pen.io,Female,84.254.4.48,417-27-2223,35
118,Appolonia,Birdwhistle,abirdwhistle39@mashable.com,Female,236.15.197.92,691-71-3010,27
119,Dene,Takis,dtakis3a@clickbank.net,Male,27.226.84.105,327-26-8554,36
120,Thornie,Berge,tberge3b@devhub.com,Male,5.45.171.81,896-56-9955,30
121,Parsifal,O'Dowd,podowd3c@theguardian.com,Male,189.107.178.54,544-77-4016,42
122,Gail,Barks,gbarks3d@pbs.org,Male,36.17.86.35,769-51-7149,38
123,Geoff,Oldman,goldman3e@census.gov,Male,193.95.199.203,621-85-5100,29
124,Megen,MacMorland,mmacmorland3f@wp.com,Female,167.10.91.77,544-13-1114,49
125,Templeton,South,tsouth3g@skype.com,Male,23.107.167.155,578-92-8468,22
126,Joe,Brigstock,jbrigstock3h@wikia.com,Male,22.51.41.29,258-91-1025,24
127,Gamaliel,Clinkard,gclinkard3i@stumbleupon.com,Male,121.207.78.120,139-55-7383,47
128,Trisha,Aizik,taizik3j@sohu.com,Female,154.51.38.137,892-05-1604,31
129,Jo-ann,Wigzell,jwigzell3k@icq.com,Female,155.182.28.176,815-01-8030,37
130,Kirk,Koschke,kkoschke3l@cbc.ca,Male,74.76.105.5,889-90-9705,25
131,Ellerey,Blabey,eblabey3m@sourceforge.net,Male,103.10.134.235,356-61-8789,28
132,Miller,Jaumet,mjaumet3n@economist.com,Male,99.249.54.98,508-38-7664,46
133,Jemimah,Mcasparan,jmcasparan3o@yellowpages.com,Female,168.240.182.231,480-98-2916,24
134,Nonna,Haken,nhaken3p@addtoany.com,Female,159.231.99.158,800-52-0071,23
135,Ernie,Farraway,efarraway3q@google.ru,Male,241.211.239.60,719-15-1954,28
136,Elinor,Sunderland,esunderland3r@ftc.gov,Female,13.227.46.59,119-45-9989,25
137,Joan,Quilliam,jquilliam3s@elpais.com,Female,71.104.117.13,399-25-5891,43
138,Lonny,Goldstraw,lgoldstraw3t@quantcast.com,Male,140.188.68.249,586-73-2173,44
139,Stanfield,Hughlin,shughlin3u@mysql.com,Male,168.82.104.22,353-04-6659,38
140,Lorne,Chiplen,lchiplen3v@marketwatch.com,Male,22.179.88.239,151-96-4615,23
141,Maddie,Holyland,mholyland3w@github.com,Male,214.217.35.197,554-80-6150,27
142,Mitchel,Lindenbaum,mlindenbaum3x@trellian.com,Male,206.160.13.140,307-39-6069,30
143,Brady,Ainsworth,bainsworth3y@latimes.com,Male,92.53.244.42,102-05-9518,47
144,Fitz,Stannion,fstannion3z@mediafire.com,Male,30.23.190.157,522-80-4760,48
145,Lon,Wareing,lwareing40@google.ru,Male,28.118.141.126,397-09-3817,39
146,Jan,Abreheart,jabreheart41@dion.ne.jp,Male,42.69.83.152,218-82-3274,21
147,Joel,Enright,jenright42@fc2.com,Male,163.118.219.188,560-17-0655,33
148,Liana,Toppin,ltoppin43@trellian.com,Female,171.247.139.120,632-13-0764,24
149,Romeo,Vella,rvella44@foxnews.com,Male,89.64.37.187,334-27-0460,50
150,Giavani,Broseman,gbroseman45@abc.net.au,Male,240.226.32.7,755-98-7843,46
151,Anatollo,Allchin,aallchin46@washington.edu,Male,235.48.255.148,872-95-3409,50
152,Pinchas,Dabourne,pdabourne47@github.io,Male,69.171.165.94,808-33-5795,47
153,Kala,McNaughton,kmcnaughton48@trellian.com,Female,3.147.125.151,478-45-4939,34
154,Rhoda,Skevington,rskevington49@ucla.edu,Female,222.59.87.16,745-80-4355,23
155,Moises,Blogg,mblogg4a@cdbaby.com,Male,210.203.235.157,392-69-6859,42
156,Doralynne,Buterton,dbuterton4b@mashable.com,Female,197.146.222.126,541-66-6585,25
157,Robbert,Vargas,rvargas4c@webmd.com,Male,154.166.2.254,356-56-3482,39
158,Phip,Daughtrey,pdaughtrey4d@pagesperso-orange.fr,Male,159.124.173.223,728-92-6128,37
159,Lonnard,Splain,lsplain4e@shop-pro.jp,Male,183.219.236.161,251-01-6678,47
160,Dareen,Milesap,dmilesap4f@youku.com,Female,89.205.231.99,485-48-3328,23
161,Dolorita,Borrington,dborrington4g@clickbank.net,Female,209.64.19.208,832-82-7156,50
162,Pammi,Clemmitt,pclemmitt4h@yale.edu,Female,206.23.130.60,606-98-4530,32
163,Dalia,Forson,dforson4i@github.com,Female,96.178.175.174,550-22-9545,28
164,Gussie,Neno,gneno4j@miitbeian.gov.cn,Female,206.215.0.211,479-26-1352,45
165,Lin,Hurley,lhurley4k@census.gov,Male,166.48.171.168,721-96-8219,38
166,Aurthur,Beckensall,abeckensall4l@godaddy.com,Male,199.188.206.206,585-96-8877,36
167,Timmie,Haeslier,thaeslier4m@livejournal.com,Male,72.139.172.57,427-05-8823,46
168,Maisie,Beardwell,mbeardwell4n@ameblo.jp,Female,152.234.5.36,557-64-3744,33
169,Rossie,Parsley,rparsley4o@japanpost.jp,Male,234.18.179.194,390-52-2407,36
170,Nikola,Oaks,noaks4p@feedburner.com,Male,125.145.11.204,283-61-3825,30
171,Yetta,Danielian,ydanielian4q@livejournal.com,Female,219.233.96.104,111-77-9717,39
172,Adrian,Ulyatt,aulyatt4r@smugmug.com,Male,175.103.41.196,162-08-4381,42
173,Sancho,Harwin,sharwin4s@mit.edu,Male,20.114.66.170,494-68-9419,47
174,Addi,Jados,ajados4t@theglobeandmail.com,Female,47.231.62.172,812-61-4498,42
175,Margret,Urvoy,murvoy4u@cmu.edu,Female,192.201.98.113,311-24-9556,27
176,Tatum,Brok,tbrok4v@smugmug.com,Female,14.249.93.44,332-99-0940,42
177,Bernelle,Dadd,bdadd4w@bing.com,Female,222.198.205.130,391-07-6414,22
178,Beret,Quest,bquest4x@hhs.gov,Female,116.237.65.106,187-74-9931,41
179,Haskel,Garley,hgarley4y@networksolutions.com,Male,90.40.205.120,864-97-2511,32
180,Heather,Catmull,hcatmull4z@examiner.com,Female,108.55.26.84,409-51-0757,40
181,Katy,Smellie,ksmellie50@weibo.com,Female,154.193.4.123,664-08-3799,27
182,Darsie,Ainger,dainger51@intel.com,Female,119.187.227.112,821-18-2262,45
183,Erwin,Rijkeseis,erijkeseis52@ftc.gov,Male,185.44.255.67,746-97-5126,23
184,Audry,Reyes,areyes53@ox.ac.uk,Female,134.19.189.231,416-79-2879,50
185,Aarika,Spellecy,aspellecy54@list-manage.com,Female,19.156.96.96,584-87-8305,38
186,Ophelia,Canedo,ocanedo55@reference.com,Female,179.200.77.13,140-10-1854,35
187,Horatio,Tooke,htooke56@usgs.gov,Male,180.237.78.16,376-21-5097,31
188,Natal,Pounsett,npounsett57@tinypic.com,Male,3.249.247.2,346-41-6256,32
189,Mella,Penticoot,mpenticoot58@netscape.com,Female,46.111.176.189,758-84-0445,39
190,Raye,Bermingham,rbermingham59@photobucket.com,Female,159.237.21.162,424-69-8816,41
191,Norina,Calcutt,ncalcutt5a@ow.ly,Female,116.5.202.68,535-33-9446,38
192,Michelina,Searight,msearight5b@amazon.com,Female,180.223.0.81,274-91-2243,27
193,Maxine,Lathaye,mlathaye5c@gmpg.org,Female,228.216.255.238,453-95-3540,37
194,Isabel,Mebius,imebius5d@vistaprint.com,Female,151.93.243.129,574-05-4100,46
195,Drugi,Patel,dpatel5e@theglobeandmail.com,Male,84.0.108.188,851-83-0502,45
196,De,Phipps,dphipps5f@umn.edu,Female,133.237.24.57,728-98-1098,29
197,Teodoor,Caltera,tcaltera5g@utexas.edu,Male,77.227.220.108,223-26-6697,43
198,Francesca,Harower,fharower5h@alexa.com,Female,248.196.166.47,832-03-8050,32
199,Kris,Hedden,khedden5i@usnews.com,Female,81.132.91.136,436-38-1598,27
200,Saleem,McCleod,smccleod5j@seattletimes.com,Male,24.194.229.115,236-62-6474,47
201,Ricoriki,Sandal,rsandal5k@cmu.edu,Male,102.105.25.41,561-05-0719,50
202,Vevay,Dowthwaite,vdowthwaite5l@usnews.com,Female,52.171.178.19,291-37-3739,45
203,Hermon,Risbridge,hrisbridge5m@ebay.co.uk,Male,85.1.129.178,368-72-5220,31
204,Stefa,Spoole,sspoole5n@yale.edu,Female,136.150.233.70,164-80-9434,27
205,Beverly,Yarrell,byarrell5o@indiegogo.com,Female,215.48.128.241,265-42-2073,39
206,Flossy,Stanbury,fstanbury5p@hostgator.com,Female,65.222.105.77,695-98-7399,36
207,Honor,Sive,hsive5q@wix.com,Female,107.168.229.7,785-28-7586,28
208,Harriot,Stollmeyer,hstollmeyer5r@netscape.com,Female,187.53.115.148,390-14-1875,35
209,Sarajane,Pettis,spettis5s@youtu.be,Female,177.216.96.228,510-30-2328,39
210,Bordy,Grindall,bgrindall5t@engadget.com,Male,184.61.63.16,672-21-3178,49
211,Ewell,Cornewell,ecornewell5u@angelfire.com,Male,190.140.250.57,383-07-8917,35
212,Dot,Sharratt,dsharratt5v@go.com,Female,124.56.232.233,529-69-4171,47
213,Windham,Studdard,wstuddard5w@a8.net,Male,21.72.35.8,485-69-9675,42
214,Janifer,Astman,jastman5x@nba.com,Female,14.221.45.216,701-93-7726,47
215,Reena,Fearey,rfearey5y@eventbrite.com,Female,215.221.24.46,645-77-2776,35
216,Latashia,Dyerson,ldyerson5z@state.gov,Female,87.218.58.235,378-70-3522,49
217,Mira,Connold,mconnold60@vimeo.com,Female,242.175.243.89,448-51-7075,48
218,Haven,De Zuani,hdezuani61@cafepress.com,Male,82.150.207.142,316-92-9983,49
219,Jessie,Murrison,jmurrison62@dagondesign.com,Female,239.247.251.77,867-40-2103,48
220,Royall,Eslemont,reslemont63@biglobe.ne.jp,Male,67.187.50.5,786-90-5701,39
221,Ermin,Eustis,eeustis64@github.com,Male,36.73.127.253,717-32-5773,29
222,Alexis,Fidelli,afidelli65@google.de,Male,72.6.111.86,860-92-9553,32
223,Nora,Meuse,nmeuse66@uol.com.br,Female,108.213.117.100,524-51-5439,28
224,Rowe,Ruddick,rruddick67@noaa.gov,Female,11.3.123.161,801-09-6534,31
225,Joceline,Candy,jcandy68@webnode.com,Female,207.250.236.165,343-46-9151,30
226,Lonny,Olifard,lolifard69@foxnews.com,Male,51.198.41.32,869-34-6554,41
227,Derrek,Whear,dwhear6a@privacy.gov.au,Male,135.208.170.156,292-24-9979,50
228,Tedmund,Worters,tworters6b@biglobe.ne.jp,Male,69.250.107.33,778-40-5284,28
229,Darnall,Carlisle,dcarlisle6c@goo.gl,Male,144.188.230.175,831-38-4819,46
230,Mitchel,Coppledike,mcoppledike6d@msu.edu,Male,222.216.143.124,495-50-7995,50
231,Calida,Grinikhin,cgrinikhin6e@google.es,Female,179.77.117.162,118-89-1293,49
232,Adrien,Kieff,akieff6f@topsy.com,Male,17.130.115.79,401-61-7274,32
233,Tadio,Jerson,tjerson6g@etsy.com,Male,175.119.119.167,864-45-4983,44
234,Thomas,Boxhall,tboxhall6h@tripod.com,Male,249.161.54.36,482-07-2086,45
235,Claus,Sansun,csansun6i@omniture.com,Male,163.44.75.231,441-28-7753,40
236,Nolana,Prigg,nprigg6j@bloomberg.com,Female,121.179.221.70,103-43-6747,40
237,Yancey,Figgures,yfiggures6k@usatoday.com,Male,111.193.28.123,434-89-9143,24
238,Upton,Ferencowicz,uferencowicz6l@dot.gov,Male,216.46.226.163,568-97-8676,46
239,Aksel,Crosskill,acrosskill6m@hostgator.com,Male,85.208.186.71,329-56-3612,24
240,Elke,Quogan,equogan6n@disqus.com,Female,227.57.152.136,511-21-6337,49
241,Cahra,Duchart,cduchart6o@chronoengine.com,Female,117.246.240.101,746-57-2915,37
242,Jarid,Pauncefort,jpauncefort6p@tmall.com,Male,232.32.19.247,629-55-0182,35
243,Giuseppe,Gilstoun,ggilstoun6q@dailymotion.com,Male,14.138.145.21,141-37-7097,28
244,Glennie,Kinsell,gkinsell6r@gmpg.org,Female,7.21.58.196,477-95-2597,26
245,Mylo,de Mullett,mdemullett6s@storify.com,Male,141.56.224.115,559-29-2233,36
246,Otis,Wheelton,owheelton6t@earthlink.net,Male,55.215.57.236,652-01-4703,47
247,Mathian,Coole,mcoole6u@soup.io,Male,227.102.182.55,156-45-0930,31
248,Em,Adolthine,eadolthine6v@usda.gov,Female,226.134.215.241,715-36-9868,22
249,Chicky,Farlamb,cfarlamb6w@census.gov,Male,227.190.229.161,640-38-7709,40
250,Thorsten,Engeham,tengeham6x@si.edu,Male,213.133.163.138,268-12-9638,25
251,Gottfried,Woodfield,gwoodfield6y@a8.net,Male,234.117.14.81,123-62-4231,25
252,Brooke,Grundell,bgrundell6z@upenn.edu,Male,207.45.117.217,493-79-5125,39
253,Ambrosio,McAlister,amcalister70@posterous.com,Male,101.86.88.91,823-72-6970,38
254,Kessiah,Powner,kpowner71@uol.com.br,Female,0.57.15.159,672-91-4113,32
255,Gusella,Keane,gkeane72@uiuc.edu,Female,89.33.114.98,292-86-3715,42
256,Basil,Faudrie,bfaudrie73@privacy.gov.au,Male,112.10.68.221,488-91-0649,49
257,Rolf,Saby,rsaby74@hexun.com,Male,180.117.49.75,188-23-6506,43
258,Lizette,Ledrane,lledrane75@rambler.ru,Female,209.52.194.29,337-36-7154,34
259,Russ,Kettridge,rkettridge76@nba.com,Male,152.98.77.71,385-15-1290,23
260,Joshua,Hattersley,jhattersley77@t-online.de,Male,207.135.75.219,185-08-0025,25
261,Toiboid,Rihosek,trihosek78@ning.com,Male,172.108.200.55,166-95-6081,48
262,Joseph,Uwins,juwins79@umn.edu,Male,246.233.153.226,260-84-7997,36
263,Winifred,Crocker,wcrocker7a@canalblog.com,Female,174.101.66.89,828-41-4580,33
264,Jerad,Jiroutka,jjiroutka7b@cloudflare.com,Male,206.110.127.207,795-19-3731,38
265,Page,MacFadyen,pmacfadyen7c@squidoo.com,Male,69.6.226.108,389-84-8490,49
266,Dedra,MacTimpany,dmactimpany7d@gizmodo.com,Female,223.8.63.166,426-13-5709,40
267,Fidela,Mc Mechan,fmcmechan7e@plala.or.jp,Female,223.154.181.86,872-64-4275,35
268,Reinwald,Huthart,rhuthart7f@delicious.com,Male,12.252.54.11,313-23-7745,26
269,Anatola,Durrans,adurrans7g@dmoz.org,Female,14.246.217.148,523-03-5641,33
270,Violette,Hemms,vhemms7h@fema.gov,Female,131.212.39.47,358-93-9543,25
271,Valaria,Greenhow,vgreenhow7i@miitbeian.gov.cn,Female,114.123.217.59,681-18-2396,29
272,Dermot,Hamprecht,dhamprecht7j@newyorker.com,Male,85.227.154.54,695-06-9938,37
273,Pearle,Watson-Brown,pwatsonbrown7k@eepurl.com,Female,0.54.34.23,536-37-5297,31
274,Kacy,Methingam,kmethingam7l@businesswire.com,Female,234.150.125.34,346-84-2533,49
275,Dorree,Bantham,dbantham7m@howstuffworks.com,Female,126.137.176.135,552-77-1722,34
276,Bari,Hale,bhale7n@wiley.com,Female,1.41.78.159,678-20-4078,25
277,Neely,Hasel,nhasel7o@blogspot.com,Female,112.199.254.185,115-77-4160,46
278,Joella,Runcie,jruncie7p@pcworld.com,Female,23.239.166.126,619-12-0740,27
279,Mayer,Manthroppe,mmanthroppe7q@chronoengine.com,Male,116.126.239.234,121-64-9515,29
280,Gerick,Casado,gcasado7r@zdnet.com,Male,107.197.164.118,888-78-9285,33
281,Eliot,Cristofari,ecristofari7s@ucsd.edu,Male,229.113.237.146,655-65-7888,22
282,Madonna,Adamowitz,madamowitz7t@pbs.org,Female,36.203.42.221,743-26-4495,46
283,Jacquelyn,Haughian,jhaughian7u@tripadvisor.com,Female,55.214.221.34,459-03-4850,37
284,Stephan,Cursons,scursons7v@live.com,Male,22.32.171.137,793-13-6750,43
285,Gussi,Dablin,gdablin7w@cam.ac.uk,Female,151.115.24.149,276-14-3220,39
286,Patrizio,Simony,psimony7x@blog.com,Male,184.96.242.172,759-44-0080,41
287,Blaine,Rosentholer,brosentholer7y@csmonitor.com,Male,28.242.123.218,642-55-5912,40
288,Joellyn,Hefford,jhefford7z@intel.com,Female,255.3.201.253,586-12-9405,31
289,Joshia,Wallege,jwallege80@hao123.com,Male,228.26.105.109,578-87-3917,24
290,Ivett,Hales,ihales81@blogger.com,Female,108.25.127.136,894-44-7895,38
291,Ronnie,Rubartelli,rrubartelli82@reddit.com,Male,228.130.94.41,367-42-7375,45
292,Hannah,Velde,hvelde83@mediafire.com,Female,100.1.136.9,229-33-1009,44
293,Gregorio,Chasemore,gchasemore84@netlog.com,Male,140.163.103.238,159-73-3026,35
294,Branden,Blowne,bblowne85@twitter.com,Male,249.223.68.200,752-31-2836,34
295,Christine,Gurley,cgurley86@examiner.com,Female,46.71.34.70,318-84-3690,31
296,Aldridge,McIndoe,amcindoe87@google.ru,Male,106.51.222.11,335-01-3356,26
297,Maryellen,Bogaert,mbogaert88@toplist.cz,Female,184.5.237.172,762-97-4568,47
298,Dennet,Lewerenz,dlewerenz89@jiathis.com,Male,237.94.112.1,168-58-5295,44
299,Waite,Thornley,wthornley8a@yolasite.com,Male,242.68.66.49,528-04-7470,44
300,Ilene,Butt Gow,ibuttgow8b@merriam-webster.com,Female,233.142.80.206,109-55-4183,42
301,Mirna,Aloigi,maloigi8c@mail.ru,Female,231.126.233.151,556-04-5650,25
302,Bard,Petera,bpetera8d@mayoclinic.com,Male,165.34.186.116,291-37-7106,45
303,Sammy,Oliva,soliva8e@tinypic.com,Female,46.58.150.19,872-13-7205,34
304,Caprice,Stirley,cstirley8f@bbb.org,Female,39.231.165.65,562-68-7976,29
305,Welby,Bourthouloume,wbourthouloume8g@nhs.uk,Male,56.134.62.127,891-36-9155,50
306,Pepito,Berridge,pberridge8h@nih.gov,Male,3.176.10.196,280-01-2217,47
307,Roberto,Delacour,rdelacour8i@trellian.com,Male,124.194.1.141,597-39-2838,39
308,Marci,Spier,mspier8j@icio.us,Female,17.71.125.51,164-82-7905,27
309,Otha,Chilton,ochilton8k@nasa.gov,Female,226.120.51.225,238-11-1324,34
310,Gaby,Dudny,gdudny8l@bigcartel.com,Female,196.160.101.34,868-68-0524,35
311,Umberto,Leckie,uleckie8m@google.fr,Male,33.197.165.225,228-50-0364,23
312,Ephrayim,Josupeit,ejosupeit8n@wired.com,Male,249.105.154.17,784-81-4084,47
313,Slade,Baguley,sbaguley8o@qq.com,Male,116.132.77.106,389-02-2949,27
314,Consolata,Vallantine,cvallantine8p@sitemeter.com,Female,210.12.204.44,486-69-2514,47
315,Issie,Stocks,istocks8q@ihg.com,Female,49.134.3.228,747-56-3124,37
316,Glenn,Coen,gcoen8r@prnewswire.com,Male,114.221.74.164,528-37-9444,43
317,Elisha,Sinclar,esinclar8s@yelp.com,Male,183.69.91.26,655-81-3955,40
318,Lemmie,Eastcourt,leastcourt8t@360.cn,Male,51.250.207.181,146-78-4649,36
319,Byram,Henriet,bhenriet8u@163.com,Male,5.45.171.218,146-50-6016,23
320,Clayborn,Brownell,cbrownell8v@addthis.com,Male,98.91.180.175,569-19-8107,34
321,Vivianne,Oakshott,voakshott8w@mozilla.org,Female,102.56.36.247,648-58-4951,26
322,Munroe,Lippi,mlippi8x@creativecommons.org,Male,31.68.180.63,154-27-8767,32
323,Emelda,Saiz,esaiz8y@slideshare.net,Female,134.225.147.187,739-44-7616,49
324,Seka,Pedroni,spedroni8z@pinterest.com,Female,161.108.3.221,395-80-8668,45
325,Faye,Jimpson,fjimpson90@wiley.com,Female,222.180.94.149,802-92-9108,25
326,Marsha,Speirs,mspeirs91@miibeian.gov.cn,Female,38.60.17.49,500-55-7263,34
327,Shem,Jacobowits,sjacobowits92@vinaora.com,Male,179.189.86.36,430-39-6674,42
328,Cary,Shelford,cshelford93@wsj.com,Male,65.50.242.166,670-91-9829,22
329,Mira,Tredget,mtredget94@lulu.com,Female,73.68.90.155,508-74-6024,35
330,Steffen,Bour,sbour95@nih.gov,Male,123.11.179.38,139-61-2076,37
331,Bard,Gookey,bgookey96@ox.ac.uk,Male,107.240.204.238,866-90-7478,21
332,Allis,Jurczyk,ajurczyk97@php.net,Female,186.66.92.20,407-02-4715,31
333,Noni,Juliff,njuliff98@ox.ac.uk,Female,226.36.152.222,463-06-4519,25
334,Tabor,Halloran,thalloran99@tamu.edu,Male,239.11.236.159,877-77-2321,34
335,Cedric,Sheppey,csheppey9a@intel.com,Male,136.14.182.111,119-25-6312,43
336,Kelwin,Gauntley,kgauntley9b@joomla.org,Male,124.236.63.7,733-12-7063,39
337,Cleveland,Bertelet,cbertelet9c@xinhuanet.com,Male,186.25.57.194,791-34-5749,44
338,Teddie,Goldthorpe,tgoldthorpe9d@mapquest.com,Male,204.73.43.183,241-68-2838,27
339,Gardiner,Heindle,gheindle9e@cnet.com,Male,21.72.111.20,701-52-5943,31
340,Letta,Dorrance,ldorrance9f@fastcompany.com,Female,158.246.106.190,852-91-0586,46
341,Garry,Jozsef,gjozsef9g@forbes.com,Male,177.208.107.231,226-54-0224,47
342,Omar,Bulle,obulle9h@yelp.com,Male,177.100.43.85,327-68-2111,22
343,Aimee,Medway,amedway9i@github.com,Female,154.212.67.239,208-90-6214,45
344,Evelyn,Grimmer,egrimmer9j@unicef.org,Male,194.84.207.136,529-69-7898,37
345,Geri,Martonfi,gmartonfi9k@boston.com,Female,93.27.73.84,221-56-7546,31
346,Meredith,Heffernon,mheffernon9l@sourceforge.net,Female,13.97.39.148,573-09-3447,26
347,Dennis,Barbier,dbarbier9m@china.com.cn,Male,62.179.98.148,333-75-8110,42
348,Carla,Arno,carno9n@comsenz.com,Female,140.95.189.107,640-71-8448,44
349,Jillene,Lammerding,jlammerding9o@noaa.gov,Female,37.57.97.42,137-54-3584,49
350,Benjie,George,bgeorge9p@mapquest.com,Male,195.16.59.48,481-02-0452,29
351,Miltie,Caps,mcaps9q@odnoklassniki.ru,Male,165.65.57.202,659-50-6272,27
352,Jeanie,Muehler,jmuehler9r@blinklist.com,Female,245.207.119.42,515-68-9574,46
353,Johanna,Neles,jneles9s@usa.gov,Female,111.96.102.109,775-20-3187,39
354,Merry,Crosetti,mcrosetti9t@dropbox.com,Female,207.111.31.112,647-71-9826,50
355,Hernando,Abelwhite,habelwhite9u@virginia.edu,Male,117.139.156.160,665-30-0335,48
356,Egan,Attride,eattride9v@seesaa.net,Male,65.184.63.167,200-42-6182,42
357,Boigie,Keppe,bkeppe9w@vinaora.com,Male,206.241.52.148,445-31-3136,21
358,Staffard,Ribbens,sribbens9x@craigslist.org,Male,171.228.4.255,223-16-3432,26
359,Ganny,Selbie,gselbie9y@mtv.com,Male,255.234.183.228,381-98-5546,23
360,Bank,Smaleman,bsmaleman9z@newsvine.com,Male,203.5.115.114,553-67-1456,47
361,Thibaud,Swindall,tswindalla0@fotki.com,Male,116.202.40.188,681-01-4942,49
362,Kevon,Tanguy,ktanguya1@google.ru,Male,140.104.143.246,340-78-8918,29
363,Lucinda,Bastide,lbastidea2@usnews.com,Female,178.62.118.159,645-39-4747,44
364,Aubrie,Gladwell,agladwella3@weather.com,Female,188.104.233.98,215-80-4195,30
365,Gusty,Guerrin,gguerrina4@go.com,Female,118.82.103.57,367-52-5638,36
366,Kessiah,Boerderman,kboerdermana5@addtoany.com,Female,213.42.120.177,233-76-8695,26
367,Eadmund,Collinwood,ecollinwooda6@cocolog-nifty.com,Male,20.77.40.171,163-33-1942,36
368,Hastie,Coogan,hcoogana7@fastcompany.com,Male,146.138.14.129,593-94-9856,40
369,Tam,Rapier,trapiera8@dailymail.co.uk,Male,84.244.201.229,638-40-0122,31
370,Enrika,Bonick,ebonicka9@yolasite.com,Female,150.250.63.103,695-47-7276,24
371,Skye,Lembke,slembkeaa@geocities.com,Male,47.83.148.236,268-68-5431,48
372,Sally,Fike,sfikeab@over-blog.com,Female,76.107.218.50,325-92-0899,41
373,Charity,Grutchfield,cgrutchfieldac@theglobeandmail.com,Female,102.226.203.64,633-43-6223,37
374,Taite,Massinger,tmassingerad@people.com.cn,Male,49.231.230.2,596-90-1039,21
375,Camella,McCole,cmccoleae@soundcloud.com,Female,102.141.206.223,360-61-6922,31
376,Weylin,Bussens,wbussensaf@nbcnews.com,Male,66.184.210.125,178-69-9368,38
377,Jessie,Casswell,jcasswellag@prweb.com,Male,152.153.247.103,428-25-0280,36
378,Gretal,Casoni,gcasoniah@wikipedia.org,Female,221.243.184.33,558-31-3819,36
379,Kerianne,Fairpo,kfairpoai@twitter.com,Female,146.27.66.57,780-33-3516,44
380,Rem,Symonds,rsymondsaj@eepurl.com,Male,137.16.43.252,326-88-5337,45
381,Kelly,Chatwin,kchatwinak@cam.ac.uk,Male,69.36.10.188,148-12-9227,38
382,Arturo,Weblin,aweblinal@google.co.uk,Male,97.142.42.202,753-57-0358,38
383,Ellis,Kirkman,ekirkmanam@hibu.com,Male,72.79.177.162,772-94-3324,39
384,Faun,Pickton,fpicktonan@flickr.com,Female,254.244.208.76,319-72-4004,46
385,Stirling,Whightman,swhightmanao@ted.com,Male,144.253.169.232,455-36-8586,33
386,Rollie,Novic,rnovicap@1und1.de,Male,164.102.114.207,121-74-5960,34
387,Jacklyn,Simyson,jsimysonaq@hhs.gov,Female,81.230.17.104,285-74-8461,36
388,Stuart,Proudlove,sproudlovear@marriott.com,Male,207.6.224.88,827-51-3996,50
389,Bryanty,Bousler,bbousleras@reddit.com,Male,106.14.233.238,277-11-8962,30
390,Sheena,Sallan,ssallanat@examiner.com,Female,214.45.148.51,511-19-3925,42
391,Terrill,Sissel,tsisselau@netvibes.com,Male,93.64.109.46,834-05-7109,33
392,Heida,Wilce,hwilceav@bloglines.com,Female,169.155.34.25,245-82-4219,28
393,Ogden,Berntssen,oberntssenaw@reverbnation.com,Male,184.30.70.35,826-54-0667,23
394,Lezley,Friedank,lfriedankax@delicious.com,Male,216.19.200.118,789-86-2355,36
395,Shelia,Nevins,snevinsay@ustream.tv,Female,0.197.117.74,588-57-3084,39
396,Aldon,Jaggli,ajaggliaz@nba.com,Male,254.160.16.19,244-39-6226,29
397,Tanner,Bubeer,tbubeerb0@bloglovin.com,Male,173.202.62.151,464-39-9797,42
398,Seumas,Lavington,slavingtonb1@harvard.edu,Male,195.215.48.147,212-64-9286,41
399,Sullivan,Bohden,sbohdenb2@slashdot.org,Male,27.235.246.249,423-35-0334,29
400,Bear,Barabisch,bbarabischb3@home.pl,Male,126.19.112.168,234-66-0591,49
401,Alvy,Hain,ahainb4@feedburner.com,Male,220.218.169.230,629-76-0092,26
402,Herbie,Hammerberg,hhammerbergb5@yellowbook.com,Male,139.104.44.13,159-02-1210,21
403,Tiler,Kennerknecht,tkennerknechtb6@smh.com.au,Male,161.120.174.158,631-05-3734,37
404,Gary,Stutt,gstuttb7@weather.com,Male,51.174.90.17,715-88-4238,31
405,Auguste,Gibson,agibsonb8@webeden.co.uk,Female,57.255.185.73,555-73-6248,21
406,Jen,McLugish,jmclugishb9@bbb.org,Female,212.176.158.228,223-41-5771,33
407,Emma,Smeath,esmeathba@de.vu,Female,92.195.214.140,169-63-5784,31
408,Ryun,Clinton,rclintonbb@goo.ne.jp,Male,253.238.131.28,302-93-4871,25
409,Hamid,Meineken,hmeinekenbc@senate.gov,Male,5.132.99.69,381-31-8960,41
410,Gayel,Shasnan,gshasnanbd@mysql.com,Female,114.248.199.146,179-14-9938,36
411,Tiler,Ciotti,tciottibe@youtu.be,Male,33.228.150.76,115-69-7717,34
412,Goldie,Wassell,gwassellbf@sciencedirect.com,Female,6.9.9.129,617-04-5016,40
413,Dolley,Aronoff,daronoffbg@nasa.gov,Female,88.166.177.181,271-53-1757,44
414,Norris,Gartell,ngartellbh@google.com.au,Male,134.60.150.161,383-77-3092,26
415,Dee,Andell,dandellbi@china.com.cn,Female,25.241.245.245,308-27-9916,45
416,Chryste,Pennycook,cpennycookbj@list-manage.com,Female,182.14.169.126,794-70-8989,27
417,Murdoch,Wintle,mwintlebk@fda.gov,Male,187.95.127.96,123-46-1768,50
418,Hayden,Espinay,hespinaybl@netscape.com,Male,190.60.184.15,640-28-2225,29
419,Rodrigo,Bellefonte,rbellefontebm@nationalgeographic.com,Male,227.55.58.160,256-61-2342,41
420,Michel,Brealey,mbrealeybn@accuweather.com,Male,94.62.10.93,838-61-6393,34
421,Clarke,Le Pine,clepinebo@cargocollective.com,Male,240.217.128.44,467-61-1758,38
422,Erin,Pacheco,epachecobp@baidu.com,Male,19.147.153.167,683-82-1064,32
423,Kristien,Cornewall,kcornewallbq@mashable.com,Female,35.160.121.244,535-95-9390,45
424,Delbert,Mowson,dmowsonbr@japanpost.jp,Male,37.121.25.89,868-24-9775,35
425,Nadeen,Rubel,nrubelbs@themeforest.net,Female,72.250.245.226,576-72-8865,48
426,Georgia,Gabler,ggablerbt@barnesandnoble.com,Female,84.137.68.248,422-22-8924,24
427,Gustave,Derle,gderlebu@photobucket.com,Male,88.250.229.3,855-04-5487,25
428,Silvia,Callcott,scallcottbv@usda.gov,Female,32.226.138.92,684-50-4779,41
429,Meriel,Bussens,mbussensbw@fc2.com,Female,203.220.100.138,263-12-6923,49
430,Doris,Poag,dpoagbx@hc360.com,Female,46.148.135.138,887-38-9025,43
431,Karin,Glanvill,kglanvillby@drupal.org,Female,136.252.13.81,169-46-2940,24
432,Virge,Boykett,vboykettbz@bravesites.com,Male,10.176.216.158,232-13-7847,40
433,Hank,Da Costa,hdacostac0@java.com,Male,217.105.196.175,800-01-6511,49
434,Dunc,Droghan,ddroghanc1@hud.gov,Male,245.168.200.18,474-15-2495,38
435,Marcel,Lowdwell,mlowdwellc2@infoseek.co.jp,Male,170.213.228.44,583-16-3419,34
436,Corney,Kendal,ckendalc3@icio.us,Male,170.31.121.227,850-44-4927,21
437,Heriberto,McCorley,hmccorleyc4@upenn.edu,Male,106.249.19.242,745-38-4362,23
438,Guthrie,Rove,grovec5@hatena.ne.jp,Male,150.22.117.192,390-85-8193,43
439,Harold,Paylie,hpayliec6@sfgate.com,Male,247.51.110.102,673-32-6324,31
440,Ricki,Bingle,rbinglec7@exblog.jp,Male,206.251.56.64,385-17-2836,34
441,Emanuele,Paoletti,epaolettic8@over-blog.com,Male,175.141.148.190,479-72-8240,42
442,Glory,Laundon,glaundonc9@etsy.com,Female,94.34.102.57,593-13-9283,21
443,Aldon,Taylo,atayloca@delicious.com,Male,82.175.160.168,719-26-4863,46
444,Ilene,Noyes,inoyescb@printfriendly.com,Female,37.217.67.246,223-05-9855,36
445,Bernette,Ioselev,bioselevcc@imdb.com,Female,145.52.99.222,562-82-9794,31
446,Gelya,Lages,glagescd@sogou.com,Female,56.130.67.7,854-26-8725,45
447,Modestine,Hazle,mhazlece@dmoz.org,Female,23.100.192.71,450-46-8319,30
448,Ciel,Bye,cbyecf@edublogs.org,Female,55.214.76.78,801-39-6297,28
449,Dody,Quemby,dquembycg@theglobeandmail.com,Female,146.163.216.41,458-59-3879,29
450,Adriano,Licquorish,alicquorishch@webnode.com,Male,26.121.55.213,283-80-2250,27
451,Glad,Teideman,gteidemanci@elegantthemes.com,Female,225.76.191.216,218-97-1739,22
452,Rice,Harwell,rharwellcj@guardian.co.uk,Male,95.160.203.252,218-16-1165,47
453,Darbie,Tilburn,dtilburnck@netvibes.com,Female,241.57.204.90,745-92-7706,28
454,Louie,Ciraldo,lciraldocl@java.com,Male,44.197.206.221,564-53-7708,38
455,Peter,Thorlby,pthorlbycm@blogtalkradio.com,Male,158.198.37.197,308-70-7638,29
456,Michail,Woodrooffe,mwoodrooffecn@sun.com,Male,80.121.22.142,232-74-6182,28
457,Lorrie,McBride,lmcbrideco@amazon.co.uk,Male,18.3.237.15,126-18-3981,48
458,Tadio,Easlea,teasleacp@cyberchimps.com,Male,74.144.62.158,562-71-6442,30
459,Durand,Spadotto,dspadottocq@gravatar.com,Male,99.112.113.23,414-50-9354,47
460,Annadiana,Casley,acasleycr@taobao.com,Female,241.209.238.210,572-30-1629,25
461,Franz,Olijve,folijvecs@ycombinator.com,Male,116.222.97.67,589-11-6411,48
462,Artus,Gieves,agievesct@mashable.com,Male,254.12.194.255,172-51-8759,32
463,Maynord,Pentland,mpentlandcu@blog.com,Male,120.140.9.7,624-83-6540,40
464,Wenonah,Dimock,wdimockcv@stumbleupon.com,Female,26.170.152.116,217-94-7280,33
465,Kalil,Ruoff,kruoffcw@clickbank.net,Male,160.254.97.123,617-71-1007,26
466,Bev,Higgen,bhiggencx@theguardian.com,Female,169.238.150.136,804-70-6390,38
467,Esdras,Massingham,emassinghamcy@discovery.com,Male,115.166.186.159,467-19-2791,42
468,Gayla,Parslow,gparslowcz@wikimedia.org,Female,117.247.229.123,272-48-0161,47
469,Hobie,Haslehurst,hhaslehurstd0@baidu.com,Male,37.66.9.98,364-74-1487,39
470,Mortimer,O'Grady,mogradyd1@360.cn,Male,118.181.66.238,326-04-8167,44
471,Mathilde,Harbin,mharbind2@admin.ch,Female,245.176.177.109,634-17-3786,42
472,Cristina,Bence,cbenced3@state.tx.us,Female,219.226.88.209,285-38-7558,29
473,Ricky,Mulryan,rmulryand4@tinypic.com,Female,31.76.239.97,479-94-9479,26
474,Pearline,Flamank,pflamankd5@weibo.com,Female,19.204.53.202,322-15-8214,29
475,Adara,Warlton,awarltond6@dedecms.com,Female,18.88.191.232,121-35-1709,25
476,Sigrid,Chapleo,schapleod7@amazon.com,Female,200.176.26.168,846-70-8333,47
477,Carrol,Benham,cbenhamd8@blogspot.com,Male,189.201.34.253,858-23-6028,31
478,Sholom,Merle,smerled9@earthlink.net,Male,97.77.129.185,608-97-2143,50
479,Eileen,Maddison,emaddisonda@vimeo.com,Female,220.56.116.186,269-42-1910,30
480,Drusie,Jeanes,djeanesdb@ed.gov,Female,89.62.48.88,742-70-0773,45
481,Darbie,Kynett,dkynettdc@guardian.co.uk,Female,175.156.56.167,880-80-1452,46
482,Gustavo,Kimbly,gkimblydd@google.nl,Male,19.115.196.181,681-53-7716,37
483,Maire,Stonhewer,mstonhewerde@amazon.co.jp,Female,253.244.130.163,541-34-9235,45
484,Hedvig,Oman,homandf@sphinn.com,Female,138.72.237.173,307-38-4599,30
485,Fredi,Gillison,fgillisondg@dmoz.org,Female,242.253.252.185,627-03-1965,28
486,Hallsy,Goford,hgoforddh@time.com,Male,49.190.1.172,382-33-6933,47
487,Jacqui,Highway,jhighwaydi@bigcartel.com,Female,109.217.38.166,510-87-2721,22
488,Aurie,Bediss,abedissdj@google.ca,Female,121.177.232.106,116-53-7756,35
489,Suzy,Bullas,sbullasdk@scribd.com,Female,47.224.95.79,399-67-1614,38
490,Gian,Gubbin,ggubbindl@google.com,Male,241.219.194.244,836-81-6715,50
491,Daryle,Swancock,dswancockdm@harvard.edu,Male,43.197.118.22,328-58-0296,48
492,Darnell,Bazell,dbazelldn@mit.edu,Male,24.225.175.26,573-34-0329,39
493,Rosabella,Dunnet,rdunnetdo@wikispaces.com,Female,203.108.128.127,896-14-0593,46
494,Kaiser,Sitch,ksitchdp@moonfruit.com,Male,13.107.116.128,199-62-2327,46
495,Shanie,Fidler,sfidlerdq@t.co,Female,2.117.140.211,795-19-0543,43
496,Wynne,Goodridge,wgoodridgedr@furl.net,Female,199.234.19.19,153-63-5657,22
497,Amabel,Zannini,azanninids@ustream.tv,Female,31.120.118.166,688-97-3599,22
498,Sayer,Mowsdale,smowsdaledt@bloomberg.com,Male,25.47.217.241,647-58-9769,22
499,Fara,Bather,fbatherdu@spotify.com,Female,94.107.209.198,449-15-2351,39
500,Harris,McDowell,hmcdowelldv@cisco.com,Male,39.213.201.162,379-88-4083,23
501,Salome,Tamburo,stamburodw@chicagotribune.com,Female,44.112.49.90,117-38-9908,50
502,Neille,Gloster,nglosterdx@accuweather.com,Female,189.166.84.162,829-26-6029,42
503,Tallulah,Yerrington,tyerringtondy@gnu.org,Female,213.11.94.69,514-07-2304,46
504,Goober,Flood,gflooddz@narod.ru,Male,12.80.201.133,880-87-7000,42
505,Bentley,Feek,bfeeke0@redcross.org,Male,112.101.194.247,609-88-4962,21
506,Nell,Cicculini,ncicculinie1@lycos.com,Female,93.165.113.229,847-75-5171,39
507,Meghann,Loody,mloodye2@umich.edu,Female,245.142.233.36,614-16-1178,30
508,Virgilio,Fillimore,vfillimoree3@myspace.com,Male,23.6.143.202,381-83-0895,27
509,Rosalind,Alessandretti,ralessandrettie4@instagram.com,Female,101.69.201.28,649-45-7234,36
510,Lanny,Likly,lliklye5@apple.com,Female,38.35.169.41,627-20-9729,42
511,Wendeline,Gosby,wgosbye6@narod.ru,Female,173.170.207.25,448-02-1495,38
512,Gerek,Hutchison,ghutchisone7@salon.com,Male,154.22.155.197,541-47-5814,29
513,Stacie,Menichelli,smenichellie8@csmonitor.com,Female,115.138.120.17,345-67-7382,39
514,York,Sopp,ysoppe9@msu.edu,Male,149.108.220.186,737-44-8892,25
515,Holt,Hapgood,hhapgoodea@qq.com,Male,98.227.96.195,624-58-1333,36
516,Fabe,Checketts,fcheckettseb@ihg.com,Male,92.250.228.117,704-30-9351,26
517,Lucy,Soan,lsoanec@bbc.co.uk,Female,213.152.203.189,545-72-3554,42
518,Joaquin,Mateiko,jmateikoed@weibo.com,Male,118.112.46.54,640-64-5939,21
519,Mortimer,Lob,mlobee@dropbox.com,Male,227.178.49.5,847-86-5117,24
520,Elissa,Jewess,ejewessef@feedburner.com,Female,23.123.72.233,136-97-6086,21
521,Lexy,Lomax,llomaxeg@senate.gov,Female,155.26.230.178,236-92-8232,49
522,Caryl,Helks,chelkseh@desdev.cn,Male,82.52.5.10,369-79-8944,45
523,Margo,Dungey,mdungeyei@apache.org,Female,6.120.7.27,151-33-3806,28
524,Colet,Coult,ccoultej@jugem.jp,Male,15.189.71.32,157-92-2754,43
525,Randall,Casine,rcasineek@sciencedaily.com,Male,122.65.102.148,694-10-6693,49
526,Bryana,Maseres,bmaseresel@moonfruit.com,Female,83.129.185.79,502-91-5901,46
527,Verla,Brannon,vbrannonem@linkedin.com,Female,92.129.215.57,693-65-9678,50
528,Shawn,Gatlin,sgatlinen@walmart.com,Female,22.17.216.176,645-41-3442,25
529,Ric,Imison,rimisoneo@yelp.com,Male,70.212.58.125,612-64-3307,38
530,Grazia,Lambregts,glambregtsep@angelfire.com,Female,63.107.0.99,857-62-2316,48
531,Alisa,Dollar,adollareq@mit.edu,Female,231.217.161.223,868-01-3857,31
532,Alyss,Gerrelts,agerreltser@360.cn,Female,132.5.81.233,203-64-6116,46
533,Sherwood,O'Day,sodayes@archive.org,Male,19.186.66.151,430-96-3294,36
534,Anny,Featherstonhalgh,afeatherstonhalghet@disqus.com,Female,118.115.128.89,206-35-2916,25
535,Rolland,Soar,rsoareu@csmonitor.com,Male,201.249.60.8,710-73-5318,23
536,Cosette,Emor,cemorev@npr.org,Female,129.202.207.110,723-79-9687,39
537,Kattie,De la Yglesia,kdelayglesiaew@redcross.org,Female,61.218.40.5,587-66-3657,47
538,Arnaldo,Uphill,auphillex@opensource.org,Male,161.2.225.144,542-73-5806,26
539,Celle,Pitbladdo,cpitbladdoey@unblog.fr,Female,182.189.42.124,267-24-6910,46
540,Mace,Lissimore,mlissimoreez@si.edu,Male,124.122.195.75,672-86-5712,39
541,Carie,Carthy,ccarthyf0@wunderground.com,Female,94.6.194.38,604-07-2628,36
542,Megan,Mahedy,mmahedyf1@reddit.com,Female,38.60.192.158,401-99-9332,49
543,Amalita,Coltart,acoltartf2@msn.com,Female,71.50.31.88,594-23-5985,48
544,Kelsey,Malyon,kmalyonf3@wordpress.org,Male,253.95.21.165,401-67-9774,45
545,Shay,Melburg,smelburgf4@cpanel.net,Female,196.37.219.72,379-42-7107,24
546,Hartley,Relf,hrelff5@biglobe.ne.jp,Male,157.234.80.234,283-04-1745,39
547,Ferdinand,Gurton,fgurtonf6@nba.com,Male,17.181.156.126,229-12-5495,21
548,Lia,Mathias,lmathiasf7@ca.gov,Female,170.237.15.137,439-91-1322,24
549,Edythe,Menis,emenisf8@imgur.com,Female,5.204.76.2,262-61-8100,29
550,Alfie,Tatam,atatamf9@bbc.co.uk,Male,135.85.44.88,117-99-1250,42
551,Nikos,Patching,npatchingfa@smh.com.au,Male,190.166.8.177,509-75-9024,23
552,Vidovik,Branchflower,vbranchflowerfb@github.io,Male,144.190.20.147,301-38-1793,41
553,Sam,Bollins,sbollinsfc@gov.uk,Male,17.247.213.40,225-75-4881,22
554,Tades,Rushforth,trushforthfd@wired.com,Male,194.166.145.10,241-52-0604,23
555,Hasheem,Worgen,hworgenfe@soundcloud.com,Male,4.183.34.189,471-53-8521,46
556,Josh,Mcall,jmcallff@ustream.tv,Male,214.98.68.12,621-37-4628,40
557,Riva,Sheppard,rsheppardfg@hc360.com,Female,86.209.236.71,403-69-3311,49
558,Rouvin,Fedorski,rfedorskifh@weather.com,Male,43.86.110.177,408-33-7573,43
559,Giselbert,Alliston,gallistonfi@facebook.com,Male,176.110.145.114,543-97-2574,47
560,Barn,Shuker,bshukerfj@cmu.edu,Male,25.103.128.136,334-28-6883,32
561,Armand,Banaszczyk,abanaszczykfk@deliciousdays.com,Male,123.108.244.249,775-87-5815,23
562,Thibaut,Maund,tmaundfl@google.com.br,Male,126.25.52.186,266-03-9669,23
563,Jacenta,Rings,jringsfm@mozilla.org,Female,14.22.12.96,451-45-5630,34
564,Halimeda,Aldhous,haldhousfn@bigcartel.com,Female,37.54.160.172,246-41-5618,30
565,Natty,Timpany,ntimpanyfo@booking.com,Male,242.26.8.239,775-35-7721,25
566,Bride,Brailey,bbraileyfp@xinhuanet.com,Female,150.162.110.110,735-09-0307,35
567,Jobina,Sauter,jsauterfq@bluehost.com,Female,157.161.236.120,410-90-8981,48
568,Corly,Meekings,cmeekingsfr@reuters.com,Female,176.164.83.6,683-34-7928,22
569,Ertha,Tunna,etunnafs@deliciousdays.com,Female,123.2.89.248,821-86-7174,38
570,Micheal,Brockway,mbrockwayft@dailymail.co.uk,Male,232.159.56.65,821-43-0820,46
571,Andrei,Ceschini,aceschinifu@ft.com,Female,250.166.72.168,855-70-6249,41
572,Sigfrid,Skally,sskallyfv@dropbox.com,Male,15.65.210.110,535-28-0853,42
573,Babb,Patching,bpatchingfw@phpbb.com,Female,112.14.72.70,356-55-9038,24
574,Will,Shirrell,wshirrellfx@forbes.com,Male,57.220.0.60,768-95-2073,30
575,Lonny,Rosas,lrosasfy@jalbum.net,Male,237.59.114.23,445-52-8029,44
576,Bidget,Sessuns,bsessunsfz@github.io,Female,4.82.227.98,829-85-1796,46
577,Edythe,Bundy,ebundyg0@moonfruit.com,Female,28.77.174.143,102-86-5344,26
578,Carol,Cloney,ccloneyg1@smugmug.com,Female,230.95.201.80,274-58-4513,38
579,Bobbie,Badrock,bbadrockg2@dropbox.com,Male,229.90.218.166,317-21-9480,40
580,Torrence,Cupper,tcupperg3@123-reg.co.uk,Male,215.4.161.155,123-56-2707,49
581,Creight,Frensch,cfrenschg4@list-manage.com,Male,193.188.209.171,779-80-0192,29
582,Gianna,Meadley,gmeadleyg5@bbc.co.uk,Female,66.138.100.40,396-47-2561,21
583,Cornie,Jeffes,cjeffesg6@timesonline.co.uk,Female,230.91.167.179,264-04-0709,35
584,Reginauld,Noads,rnoadsg7@sphinn.com,Male,19.21.226.211,763-36-0833,33
585,Llywellyn,Dowgill,ldowgillg8@nih.gov,Male,223.182.71.106,883-09-3291,21
586,Dame,O'Crevan,docrevang9@salon.com,Male,44.235.94.129,203-35-1775,37
587,Lida,Nasi,lnasiga@lycos.com,Female,85.249.22.184,303-96-6764,35
588,Mignonne,Labden,mlabdengb@ed.gov,Female,83.214.120.72,518-55-9071,33
589,Willamina,Hixson,whixsongc@photobucket.com,Female,116.219.112.148,843-40-0993,42
590,Wallace,McCambrois,wmccambroisgd@aol.com,Male,106.33.132.14,692-44-4532,31
591,Shawna,Funcheon,sfuncheonge@oracle.com,Female,234.194.220.169,444-90-6070,42
592,Mandel,Flanne,mflannegf@comsenz.com,Male,34.211.125.253,547-95-4691,47
593,Hillery,Artois,hartoisgg@intel.com,Male,156.13.206.162,106-01-6801,44
594,Ruggiero,Queen,rqueengh@drupal.org,Male,66.166.105.127,404-53-8754,31
595,Scottie,McLucky,smcluckygi@chronoengine.com,Male,107.157.57.41,192-12-8319,47
596,Beret,Cattermull,bcattermullgj@buzzfeed.com,Female,8.37.218.26,128-17-0369,27
597,Munmro,Swains,mswainsgk@jiathis.com,Male,26.219.104.99,139-84-7591,38
598,Lorrayne,Joules,ljoulesgl@deliciousdays.com,Female,86.161.7.145,398-63-3822,41
599,Grantham,Dunmore,gdunmoregm@tinypic.com,Male,74.178.251.186,790-82-9728,40
600,Everard,Vann,evanngn@noaa.gov,Male,32.110.159.126,129-03-7245,49
601,Susie,Voelker,svoelkergo@amazon.de,Female,55.57.167.161,416-44-9274,34
602,Taber,Landreth,tlandrethgp@reuters.com,Male,50.34.139.18,552-32-5570,37
603,Leon,Aldred,laldredgq@who.int,Male,2.217.183.168,294-01-6056,22
604,Darwin,Fosberry,dfosberrygr@godaddy.com,Male,50.168.18.116,700-19-2803,26
605,Shawnee,Jervois,sjervoisgs@state.gov,Female,249.8.29.63,697-58-9631,32
606,Ted,Robbie,trobbiegt@discuz.net,Male,65.50.169.10,350-18-7941,28
607,Tara,Bridgement,tbridgementgu@nifty.com,Female,141.162.2.172,401-18-2966,26
608,Filip,California,fcaliforniagv@time.com,Male,123.177.8.226,706-94-3614,33
609,Gerome,Franciottoi,gfranciottoigw@fema.gov,Male,115.25.80.89,172-86-2355,27
610,Eldin,Maccrae,emaccraegx@dot.gov,Male,222.95.51.131,380-53-9490,49
611,Emile,Slimm,eslimmgy@scientificamerican.com,Male,123.211.126.236,494-44-9871,46
612,Adams,Niave,aniavegz@trellian.com,Male,0.181.45.206,710-54-4410,45
613,Latrina,Swinden,lswindenh0@utexas.edu,Female,65.223.119.227,598-05-0631,29
614,Linus,Wimbush,lwimbushh1@pcworld.com,Male,13.91.67.254,772-55-9475,49
615,Alistair,Ackers,aackersh2@icq.com,Male,15.168.193.91,409-50-0212,21
616,Filip,Monk,fmonkh3@theatlantic.com,Male,175.232.83.211,147-27-7140,33
617,Gilberte,Gaskins,ggaskinsh4@github.com,Female,47.253.107.60,351-73-7443,25
618,Elaine,Attarge,eattargeh5@mtv.com,Female,53.184.11.35,746-39-5977,49
619,Pietra,Clinton,pclintonh6@unicef.org,Female,153.23.240.26,826-11-8685,21
620,Brynn,Jeannel,bjeannelh7@wsj.com,Female,56.217.226.43,608-36-1276,27
621,Gisele,Callcott,gcallcotth8@theglobeandmail.com,Female,229.81.180.140,845-55-8274,45
622,Burnaby,Drexel,bdrexelh9@jalbum.net,Male,138.43.6.144,779-57-3757,22
623,Wiatt,Gordon,wgordonha@goo.gl,Male,26.95.252.166,782-68-0750,43
624,Josh,Girard,jgirardhb@macromedia.com,Male,204.194.243.108,522-10-3198,42
625,Lazaro,Brandom,lbrandomhc@va.gov,Male,172.1.93.69,673-76-5260,22
626,Mortie,Aikenhead,maikenheadhd@admin.ch,Male,171.199.118.60,409-84-6561,30
627,Verena,Dorset,vdorsethe@java.com,Female,28.187.44.45,159-99-6500,31
628,Tedda,Espie,tespiehf@amazon.de,Female,28.198.93.42,296-91-1524,35
629,Collette,Gyenes,cgyeneshg@state.tx.us,Female,13.0.107.225,378-15-2510,45
630,Merwyn,Swiers,mswiershh@behance.net,Male,88.106.47.138,576-72-4356,40
631,Olivie,Lilburne,olilburnehi@hc360.com,Female,24.124.237.231,781-68-2529,26
632,Elliot,Jakubowsky,ejakubowskyhj@geocities.com,Male,154.224.195.55,113-13-4174,22
633,Vidovic,Sansbury,vsansburyhk@1688.com,Male,219.122.187.170,645-32-6610,32
634,Andrew,Lodevick,alodevickhl@nih.gov,Male,4.213.107.18,641-52-0601,33
635,Shaughn,Baselio,sbaseliohm@umich.edu,Male,62.3.13.168,237-92-8815,33
636,Vladimir,Millam,vmillamhn@yale.edu,Male,76.235.165.50,853-20-7424,40
637,Nancey,Dunkerly,ndunkerlyho@pen.io,Female,233.214.161.191,443-80-5574,49
638,Rafaelita,Caygill,rcaygillhp@ustream.tv,Female,117.97.206.120,143-58-5282,28
639,Raimondo,Seeborne,rseebornehq@cafepress.com,Male,189.67.54.85,877-35-4954,24
640,Carmen,Ryles,cryleshr@phoca.cz,Female,254.86.136.220,631-67-8278,46
641,Yetta,Grut,ygruths@slideshare.net,Female,175.145.82.95,355-75-8008,33
642,Corabel,Lill,clillht@usgs.gov,Female,83.212.173.240,203-62-7825,46
643,Ivie,Kitman,ikitmanhu@umn.edu,Female,122.204.130.186,695-07-9742,38
644,Thain,Marland,tmarlandhv@dion.ne.jp,Male,53.194.19.8,159-57-6630,36
645,Pam,Cluckie,pcluckiehw@telegraph.co.uk,Female,80.78.160.149,782-55-5904,41
646,Nyssa,Joseff,njoseffhx@baidu.com,Female,45.39.74.158,750-57-6167,48
647,Louis,Roadnight,lroadnighthy@weibo.com,Male,97.187.51.88,447-78-2183,26
648,Alena,Gonnin,agonninhz@skyrock.com,Female,189.151.135.15,432-77-5667,25
649,Cecil,Goch,cgochi0@bigcartel.com,Female,66.79.28.76,566-54-3123,27
650,Marley,Margach,mmargachi1@google.com.au,Female,168.159.137.8,572-96-2668,32
651,Cletus,Clarridge,cclarridgei2@archive.org,Male,2.178.104.61,886-40-6356,31
652,Michail,Fullilove,mfullilovei3@sourceforge.net,Male,174.64.49.20,567-16-9203,21
653,Paddy,Hulles,phullesi4@dropbox.com,Male,149.2.213.56,584-91-4843,33
654,Davy,Skeffington,dskeffingtoni5@amazon.co.uk,Male,184.154.199.230,742-79-9194,31
655,Jared,Gorling,jgorlingi6@angelfire.com,Male,180.109.54.235,788-83-3053,35
656,Krispin,Bredgeland,kbredgelandi7@google.pl,Male,15.207.149.234,753-67-2927,38
657,Jermain,Siddell,jsiddelli8@sitemeter.com,Male,82.34.121.99,313-95-1942,30
658,Sly,Caldera,scalderai9@nifty.com,Male,19.77.241.30,762-43-4691,42
659,Hendrik,Plumley,hplumleyia@youtu.be,Male,88.168.146.127,354-63-4602,42
660,Englebert,Stronge,estrongeib@hhs.gov,Male,151.198.158.248,575-92-8858,45
661,Walsh,Clemot,wclemotic@globo.com,Male,170.58.57.182,722-52-0688,21
662,Andy,Jeary,ajearyid@abc.net.au,Male,180.75.190.31,135-58-8861,43
663,Olympie,Tapp,otappie@dmoz.org,Female,189.93.86.110,727-24-8301,28
664,Henrie,Charer,hcharerif@harvard.edu,Female,194.44.174.34,686-54-6432,49
665,Moses,Bussons,mbussonsig@nationalgeographic.com,Male,95.56.236.115,450-43-8064,44
666,Shelden,Coxhell,scoxhellih@usnews.com,Male,14.251.9.18,437-40-0981,34
667,Ric,Olphert,rolphertii@ustream.tv,Male,29.69.42.140,140-14-2706,45
668,Anderson,Reggler,aregglerij@npr.org,Male,140.143.250.139,275-09-2375,29
669,Torie,Goodliffe,tgoodliffeik@slashdot.org,Female,154.248.39.77,146-42-1006,33
670,Nickie,Shafier,nshafieril@amazon.com,Female,127.228.88.5,756-35-8926,45
671,Cleo,Best,cbestim@usnews.com,Female,170.212.59.86,116-82-3704,44
672,Ronnie,Stribbling,rstribblingin@blogger.com,Male,186.42.155.241,179-17-8654,35
673,Kylie,Matthieson,kmatthiesonio@amazon.co.uk,Male,163.196.72.1,496-39-1234,41
674,Kip,Becerro,kbecerroip@shutterfly.com,Male,214.205.31.77,397-71-4352,50
675,Tybalt,Attewill,tattewilliq@nsw.gov.au,Male,159.5.253.165,597-70-4182,41
676,Burl,Hampstead,bhampsteadir@house.gov,Male,89.99.254.250,113-73-4151,45
677,Elora,Hollerin,ehollerinis@home.pl,Female,200.54.98.147,748-53-0512,38
678,Edouard,Felipe,efelipeit@chron.com,Male,235.84.57.83,285-06-9856,42
679,Court,Hembrow,chembrowiu@1688.com,Male,242.233.198.112,828-50-7679,24
680,Fiann,Gregersen,fgregerseniv@ning.com,Female,196.171.125.96,627-95-4595,48
681,Shaun,Huggill,shuggilliw@hao123.com,Female,120.197.222.171,813-05-1491,33
682,Ludovico,Scimone,lscimoneix@unicef.org,Male,151.80.223.70,248-10-9607,35
683,Jock,Crisall,jcrisalliy@amazon.com,Male,90.28.141.45,373-71-2433,44
684,Jecho,Snoxill,jsnoxilliz@va.gov,Male,44.188.46.79,249-88-1012,33
685,Lira,MacAlroy,lmacalroyj0@tuttocitta.it,Female,188.61.220.117,302-81-5175,37
686,Daisy,Bowell,dbowellj1@fda.gov,Female,8.6.52.31,247-61-2168,23
687,North,Tritton,ntrittonj2@wikipedia.org,Male,103.34.57.147,855-75-7096,22
688,Frederico,Gores,fgoresj3@hud.gov,Male,51.52.215.13,430-96-9565,50
689,Gal,Crewes,gcrewesj4@geocities.jp,Male,103.238.93.133,427-12-9142,35
690,Jens,Lyness,jlynessj5@goo.gl,Male,68.106.84.224,874-90-7807,29
691,Judah,Butler,jbutlerj6@engadget.com,Male,32.133.90.39,361-08-5695,23
692,Jeannie,Steffans,jsteffansj7@studiopress.com,Female,45.5.243.187,566-20-9520,37
693,Layne,Cliff,lcliffj8@issuu.com,Female,241.80.185.140,424-97-4008,40
694,Dave,Pigny,dpignyj9@bandcamp.com,Male,251.195.108.141,310-96-7826,36
695,Julio,Ewing,jewingja@webmd.com,Male,127.245.132.120,618-94-7648,48
696,Opal,Marzelle,omarzellejb@answers.com,Female,121.105.161.161,125-64-2950,48
697,Florette,Libbe,flibbejc@fotki.com,Female,208.121.25.172,381-17-4843,21
698,Gillian,Ginnell,gginnelljd@spotify.com,Female,32.38.249.171,227-62-5067,48
699,Sonia,Surfleet,ssurfleetje@qq.com,Female,124.136.207.235,856-02-3730,46
700,Kelcy,Petre,kpetrejf@twitter.com,Female,236.21.84.96,775-29-9999,44
701,Dino,Andriolli,dandriollijg@walmart.com,Male,84.88.45.136,822-73-3538,22
702,Danielle,Hinstock,dhinstockjh@mlb.com,Female,93.124.147.129,147-16-6970,44
703,Barron,MacNair,bmacnairji@acquirethisname.com,Male,46.21.73.29,496-78-0916,35
704,Rosene,Sturmey,rsturmeyjj@phoca.cz,Female,18.71.208.114,751-28-2992,39
705,Ruby,Landre,rlandrejk@photobucket.com,Male,193.148.165.219,335-53-1465,46
706,Chandra,Brickwood,cbrickwoodjl@tuttocitta.it,Female,23.30.48.16,451-49-3254,39
707,Cyndia,Neljes,cneljesjm@cpanel.net,Female,203.245.224.200,518-08-6707,26
708,Aguistin,Cornu,acornujn@army.mil,Male,53.121.231.47,869-02-8453,38
709,Cob,Houliston,choulistonjo@auda.org.au,Male,160.90.212.41,881-41-0040,37
710,Sela,Bissiker,sbissikerjp@php.net,Female,107.223.55.22,282-39-4310,36
711,Damien,Doak,ddoakjq@amazon.com,Male,108.2.152.41,188-88-1686,42
712,Armando,Tinto,atintojr@ucoz.com,Male,123.148.139.164,545-87-6830,29
713,Yard,Lafay,ylafayjs@nps.gov,Male,46.231.147.221,424-42-4527,34
714,Danie,Ghelardoni,dghelardonijt@abc.net.au,Male,121.66.246.31,543-80-6634,49
715,Aggy,Morewood,amorewoodju@creativecommons.org,Female,203.70.151.168,118-65-0576,27
716,Carmita,Thieme,cthiemejv@toplist.cz,Female,3.136.59.101,600-47-3684,36
717,Lalo,Siemandl,lsiemandljw@dot.gov,Male,28.99.73.117,240-58-2370,37
718,Abbie,Sliman,aslimanjx@bbc.co.uk,Female,234.60.145.231,418-47-2486,36
719,Taite,Hammonds,thammondsjy@is.gd,Male,68.225.135.177,785-38-4496,25
720,Curt,Cudbertson,ccudbertsonjz@dion.ne.jp,Male,148.165.114.232,147-31-5422,24
721,Orren,Galea,ogaleak0@technorati.com,Male,38.138.124.214,549-67-3631,34
722,Adolphus,Keam,akeamk1@wikimedia.org,Male,34.111.187.212,899-45-5260,22
723,Kimberlyn,Gravenell,kgravenellk2@acquirethisname.com,Female,158.91.208.246,889-08-5464,32
724,Kenny,Klimecki,kklimeckik3@yellowbook.com,Male,201.14.74.172,825-04-4894,32
725,Terry,Furzey,tfurzeyk4@bravesites.com,Male,3.196.245.47,733-85-4058,42
726,Clement,Gildea,cgildeak5@altervista.org,Male,11.113.4.149,358-65-5411,23
727,Evelina,Lighten,elightenk6@cargocollective.com,Female,38.45.241.77,527-36-3701,47
728,Gladi,Pallant,gpallantk7@storify.com,Female,129.137.89.77,579-23-4352,45
729,Clarita,Pasticznyk,cpasticznykk8@tumblr.com,Female,21.216.204.26,610-80-5667,33
730,Viva,Kitney,vkitneyk9@theguardian.com,Female,57.173.247.223,490-94-0012,49
731,Indira,Girardeau,igirardeauka@umich.edu,Female,26.94.129.243,408-92-8697,22
732,Alistair,Rhule,arhulekb@marketwatch.com,Male,135.36.116.130,511-95-2222,39
733,Odie,Soles,osoleskc@weather.com,Male,172.145.202.242,151-03-4811,46
734,Normand,Smallwood,nsmallwoodkd@samsung.com,Male,96.238.78.110,551-36-4320,24
735,Brittani,Croan,bcroanke@pcworld.com,Female,51.180.124.49,524-77-8771,28
736,Robinet,Burghill,rburghillkf@accuweather.com,Male,237.126.218.177,796-96-3877,25
737,Neilla,Dudleston,ndudlestonkg@nasa.gov,Female,43.178.230.176,578-37-9152,43
738,Fayre,Rann,frannkh@bbc.co.uk,Female,82.53.76.80,881-97-2140,24
739,Bjorn,Hazlehurst,bhazlehurstki@dedecms.com,Male,246.48.219.185,745-21-5694,42
740,Hally,Sinclar,hsinclarkj@globo.com,Female,118.143.78.247,235-03-5338,21
741,Aloysia,Vakhlov,avakhlovkk@quantcast.com,Female,243.19.103.176,624-24-7854,37
742,Christoforo,Gerry,cgerrykl@virginia.edu,Male,133.66.71.129,747-73-5005,48
743,Ninetta,Ambroix,nambroixkm@pbs.org,Female,104.140.85.40,230-33-0151,27
744,Aviva,Filyukov,afilyukovkn@google.co.jp,Female,246.221.170.116,748-44-1181,27
745,Lynn,Skellion,lskellionko@ning.com,Female,91.141.171.101,261-74-4840,50
746,Dominique,Edgerly,dedgerlykp@goodreads.com,Male,148.61.251.49,367-88-0919,27
747,Wally,Arnopp,warnoppkq@wisc.edu,Female,92.217.231.239,435-25-5992,41
748,Norri,Showell,nshowellkr@plala.or.jp,Female,75.180.59.110,784-68-8922,49
749,Rutter,Iddenden,riddendenks@tmall.com,Male,252.47.117.25,473-14-8641,22
750,Tami,Sagg,tsaggkt@pinterest.com,Female,159.226.105.45,707-47-1873,38
751,Christophe,Feeley,cfeeleyku@apple.com,Male,48.16.10.133,742-26-8677,44
752,Free,Jakeman,fjakemankv@reverbnation.com,Male,101.101.245.69,860-44-9731,45
753,Gui,Spurdon,gspurdonkw@whitehouse.gov,Female,160.234.177.5,653-40-4110,22
754,Dotti,Tutchener,dtutchenerkx@nationalgeographic.com,Female,5.125.21.235,566-10-6891,48
755,Cyril,Shelley,cshelleyky@un.org,Male,76.62.32.39,770-93-0099,21
756,Walsh,Ebbrell,webbrellkz@webnode.com,Male,131.107.136.254,481-17-7810,28
757,Grover,Cullotey,gculloteyl0@wiley.com,Male,251.238.176.0,348-17-5691,22
758,Katya,Charer,kcharerl1@mashable.com,Female,57.22.108.163,196-43-6722,28
759,Rafael,Farryn,rfarrynl2@angelfire.com,Male,96.190.189.152,784-01-4402,49
760,Lesley,Ledward,lledwardl3@sun.com,Female,134.44.255.87,352-04-3169,35
761,Karita,Guterson,kgutersonl4@comsenz.com,Female,16.167.223.172,139-28-3984,42
762,Claiborn,Orcas,corcasl5@joomla.org,Male,160.140.147.24,712-35-2635,38
763,Onfroi,Joannidi,ojoannidil6@angelfire.com,Male,226.198.142.124,612-19-1039,38
764,Jocelyne,Tolcher,jtolcherl7@twitter.com,Female,97.237.124.21,561-55-5228,46
765,Allin,Edgehill,aedgehilll8@xing.com,Male,249.129.107.35,133-51-0057,31
766,Verena,Houlworth,vhoulworthl9@java.com,Female,97.229.57.6,561-68-0791,26
767,Johan,Kirkman,jkirkmanla@tripadvisor.com,Male,244.47.159.10,504-53-6962,29
768,Rayna,O'Monahan,romonahanlb@columbia.edu,Female,46.179.125.192,649-82-6786,27
769,Reagen,O'Haire,rohairelc@nasa.gov,Male,197.93.37.146,376-39-0018,26
770,Gaspar,Gapper,ggapperld@google.ru,Male,29.211.38.164,549-66-3185,36
771,Will,Banasiak,wbanasiakle@nasa.gov,Male,103.130.185.119,444-55-6216,42
772,Calla,Grevatt,cgrevattlf@istockphoto.com,Female,69.143.199.50,531-69-3854,34
773,Norina,Blakeborough,nblakeboroughlg@icio.us,Female,180.194.73.53,601-16-6934,31
774,Shara,Sacase,ssacaselh@ocn.ne.jp,Female,148.169.44.44,663-96-9789,35
775,Ramsay,Muzzullo,rmuzzulloli@yahoo.co.jp,Male,74.148.172.1,641-41-6076,24
776,Glenden,Pulfer,gpulferlj@tuttocitta.it,Male,133.157.169.201,883-05-2178,47
777,Sherwin,McIlmorow,smcilmorowlk@ftc.gov,Male,225.244.204.91,123-94-6008,47
778,Vincent,Eddowes,veddowesll@google.cn,Male,202.188.118.201,671-35-0085,39
779,Keary,MacClancey,kmacclanceylm@tripadvisor.com,Male,6.226.50.105,121-18-7272,30
780,Naoma,Surr,nsurrln@taobao.com,Female,89.117.201.142,153-01-5279,30
781,Cole,Ortes,corteslo@webmd.com,Male,234.223.120.63,127-93-9494,25
782,Laurens,Durden,ldurdenlp@lycos.com,Male,166.131.184.221,171-41-4397,37
783,Saxon,Siemens,ssiemenslq@deviantart.com,Male,74.144.6.5,268-18-7341,50
784,Guinna,Casebourne,gcasebournelr@nba.com,Female,11.9.142.106,533-70-2119,42
785,Helaina,Repp,hreppls@webnode.com,Female,130.151.62.98,438-86-6053,45
786,Tiphani,Bucklee,tbuckleelt@reuters.com,Female,186.224.225.100,614-56-6107,37
787,Lian,Roly,lrolylu@digg.com,Female,91.172.189.241,160-34-3673,37
788,Rozalin,McMyler,rmcmylerlv@mozilla.org,Female,129.179.1.196,474-22-2986,50
789,Carol,Klambt,cklambtlw@arizona.edu,Female,5.76.26.100,227-11-3993,38
790,Alain,Danat,adanatlx@mapy.cz,Male,11.41.34.255,880-95-2853,38
791,Lilli,Negus,lnegusly@naver.com,Female,245.128.150.1,451-74-3321,49
792,Ninnetta,Whickman,nwhickmanlz@examiner.com,Female,106.167.50.40,656-20-4839,49
793,Augusta,Lillyman,alillymanm0@hibu.com,Female,28.121.219.119,334-47-1590,25
794,Hector,Josefovic,hjosefovicm1@ed.gov,Male,184.223.225.211,109-80-8774,32
795,Christy,Turbill,cturbillm2@ted.com,Male,185.67.12.19,126-18-2439,26
796,Ivor,Arnaudon,iarnaudonm3@yale.edu,Male,56.253.38.111,355-15-3296,30
797,Sigismundo,Ferries,sferriesm4@360.cn,Male,190.84.198.183,836-30-6589,41
798,Loni,D'eathe,ldeathem5@usda.gov,Female,174.120.241.251,891-32-2291,42
799,Crin,Wager,cwagerm6@irs.gov,Female,95.242.200.142,610-88-8061,33
800,Killie,Fullalove,kfullalovem7@youku.com,Male,231.230.189.24,262-61-7670,36
801,Christie,Chesson,cchessonm8@people.com.cn,Female,240.1.227.179,211-30-9648,35
802,Karoly,Tarling,ktarlingm9@mozilla.com,Female,112.196.38.164,453-92-9771,23
803,Gayelord,Carmody,gcarmodyma@chron.com,Male,155.242.1.113,471-18-8908,37
804,Mady,Hebborne,mhebbornemb@hatena.ne.jp,Female,8.213.78.105,806-13-1147,23
805,Lorelei,Cranston,lcranstonmc@tmall.com,Female,159.23.84.224,821-95-0187,38
806,Melamie,Vowden,mvowdenmd@surveymonkey.com,Female,17.54.138.248,141-66-9440,26
807,Ceil,Mulqueeny,cmulqueenyme@adobe.com,Female,103.56.174.247,145-79-0446,40
808,Marylou,Lewisham,mlewishammf@zdnet.com,Female,79.182.228.207,604-15-8296,43
809,Zena,Davidov,zdavidovmg@nih.gov,Female,83.38.126.13,266-39-7616,45
810,Jaimie,Edwards,jedwardsmh@vinaora.com,Female,206.26.212.173,319-03-3076,29
811,Retha,Hall,rhallmi@paypal.com,Female,38.237.131.30,119-81-5152,24
812,Elyse,Turfitt,eturfittmj@seattletimes.com,Female,162.82.146.220,752-77-5442,26
813,Henrieta,Gillett,hgillettmk@nps.gov,Female,252.242.184.169,166-99-9618,49
814,Wade,Crosskill,wcrosskillml@bing.com,Male,167.171.193.175,716-28-4535,25
815,Niall,Barratt,nbarrattmm@ebay.com,Male,149.3.29.118,379-88-2618,42
816,Giorgia,Piper,gpipermn@multiply.com,Female,185.74.127.215,701-93-8477,33
817,Rochelle,Renny,rrennymo@technorati.com,Female,33.140.0.94,180-05-8173,35
818,Giorgio,Ioselev,gioselevmp@huffingtonpost.com,Male,243.0.4.187,139-78-3230,37
819,Eleonore,Signore,esignoremq@si.edu,Female,118.204.16.20,472-75-5870,44
820,Jeffry,Dunsire,jdunsiremr@networkadvertising.org,Male,181.246.138.103,359-46-1216,39
821,Gerri,Onraet,gonraetms@vistaprint.com,Female,225.182.63.225,216-23-7195,43
822,Drake,Meadus,dmeadusmt@purevolume.com,Male,124.170.190.232,778-89-5801,28
823,Montague,Najara,mnajaramu@cisco.com,Male,54.202.140.220,136-77-7417,32
824,Derward,Aneley,daneleymv@hao123.com,Male,1.205.45.151,479-99-1919,22
825,Taddeusz,Traske,ttraskemw@theatlantic.com,Male,83.95.111.5,642-85-3265,28
826,Broderic,Dureden,bduredenmx@hc360.com,Male,154.135.41.2,280-50-2879,41
827,Giralda,Denniss,gdennissmy@twitpic.com,Female,215.161.184.132,120-34-3253,23
828,Mia,Barnet,mbarnetmz@indiegogo.com,Female,189.18.146.42,764-56-6236,38
829,Beret,Barnshaw,bbarnshawn0@mayoclinic.com,Female,213.202.95.49,870-49-8949,26
830,Garwin,Gillyett,ggillyettn1@seesaa.net,Male,42.201.39.223,377-38-8239,31
831,Laina,Bittlestone,lbittlestonen2@fastcompany.com,Female,67.209.150.199,555-53-9471,45
832,Hermia,Collin,hcollinn3@hud.gov,Female,49.178.7.132,218-32-3853,41
833,Corbin,Swate,cswaten4@youtu.be,Male,222.30.32.195,801-66-9752,49
834,Deidre,Wadforth,dwadforthn5@wisc.edu,Female,141.189.10.48,655-71-9967,31
835,Ivonne,Fawckner,ifawcknern6@aol.com,Female,214.207.129.178,151-71-7884,40
836,Morgen,Pohlke,mpohlken7@squarespace.com,Female,242.247.201.82,827-11-0753,39
837,Elna,Guppie,eguppien8@hp.com,Female,66.126.239.131,392-13-8271,46
838,Lari,Waterdrinker,lwaterdrinkern9@aol.com,Female,197.146.95.175,896-99-0082,32
839,Brig,Trehearne,btrehearnena@nsw.gov.au,Male,145.240.64.55,106-72-7486,46
840,Babette,Fishburn,bfishburnnb@yahoo.co.jp,Female,73.123.176.206,729-61-0908,32
841,Alva,Capeloff,acapeloffnc@shinystat.com,Male,56.117.71.164,893-30-4704,44
842,Kirbie,McCambridge,kmccambridgend@hibu.com,Female,190.123.25.233,828-05-6970,36
843,Shelden,Hurworth,shurworthne@google.ru,Male,140.176.173.133,469-37-5564,23
844,Giff,Bletsoe,gbletsoenf@edublogs.org,Male,144.118.9.55,593-37-5800,39
845,Uriel,Shillito,ushillitong@tamu.edu,Male,183.120.129.16,452-70-8217,42
846,Rayna,Quig,rquignh@spotify.com,Female,63.178.120.31,141-68-9823,45
847,Hyman,Marien,hmarienni@wikipedia.org,Male,242.153.8.54,532-24-1996,29
848,Lynette,MacEveley,lmaceveleynj@google.cn,Female,46.11.236.167,138-13-7886,37
849,Lotty,Manser,lmansernk@vkontakte.ru,Female,205.108.168.219,720-32-9100,28
850,Elaine,Massow,emassownl@imgur.com,Female,5.70.63.138,114-11-2568,24
851,Shandy,Leamon,sleamonnm@ucoz.ru,Female,227.105.153.121,234-55-9509,23
852,Aguistin,Mucci,amuccinn@nba.com,Male,145.155.66.23,451-91-9788,43
853,Normand,MacGovern,nmacgovernno@icio.us,Male,2.202.150.110,382-52-7067,44
854,Brunhilde,Marfield,bmarfieldnp@un.org,Female,109.107.106.82,287-07-0800,30
855,Nappie,Costain,ncostainnq@buzzfeed.com,Male,50.241.14.131,663-95-0718,25
856,Myer,McMorland,mmcmorlandnr@walmart.com,Male,195.224.251.5,815-93-2871,24
857,Stacee,Deerness,sdeernessns@independent.co.uk,Female,105.46.157.125,294-81-9173,42
858,Bobbe,Swancock,bswancocknt@noaa.gov,Female,202.199.21.91,120-97-8053,25
859,Onfre,Edmand,oedmandnu@rambler.ru,Male,73.191.10.195,588-01-3614,32
860,Martino,Boate,mboatenv@blogtalkradio.com,Male,210.241.8.156,596-44-1927,25
861,Sigismund,Petrina,spetrinanw@illinois.edu,Male,161.75.81.135,570-44-7734,24
862,Klarika,Titford,ktitfordnx@about.com,Female,139.39.108.185,418-21-8716,50
863,Marja,Chretien,mchretienny@ca.gov,Female,40.101.15.41,807-17-2702,45
864,Janean,Cochrane,jcochranenz@cloudflare.com,Female,183.186.131.224,432-42-6496,24
865,Sharon,Umpleby,sumplebyo0@mapy.cz,Female,140.31.221.224,777-84-2310,48
866,Seka,Jedrzaszkiewicz,sjedrzaszkiewiczo1@godaddy.com,Female,187.12.146.234,272-59-4143,42
867,Christian,Coppledike,ccoppledikeo2@yellowpages.com,Female,26.33.106.226,563-82-6414,36
868,Marrissa,Ciccarelli,mciccarellio3@blogs.com,Female,219.254.156.27,410-89-2499,33
869,Cahra,Shallcroff,cshallcroffo4@mac.com,Female,54.2.224.199,613-42-9714,25
870,Arch,Jacklings,ajacklingso5@fotki.com,Male,250.120.228.19,269-35-4564,25
871,Arnold,Battersby,abattersbyo6@weather.com,Male,229.70.106.245,695-05-4617,36
872,Tybie,Mallebone,tmalleboneo7@scribd.com,Female,63.25.21.150,245-62-2383,34
873,Shela,Ridulfo,sridulfoo8@bigcartel.com,Female,198.34.72.53,735-75-9582,49
874,Brand,Winsley,bwinsleyo9@ask.com,Male,195.221.55.56,843-60-2882,50
875,Morena,Gibson,mgibsonoa@domainmarket.com,Female,151.252.108.51,749-41-4218,45
876,Mariquilla,Wardington,mwardingtonob@163.com,Female,97.117.206.208,670-38-2935,27
877,Rochella,Cullinan,rcullinanoc@senate.gov,Female,184.28.50.40,715-91-3676,44
878,Nissa,Junkison,njunkisonod@google.es,Female,244.245.131.124,614-35-3506,42
879,Albrecht,Lattie,alattieoe@eventbrite.com,Male,72.8.147.192,301-38-5116,44
880,Kurtis,Angood,kangoodof@china.com.cn,Male,216.46.8.118,702-04-9191,43
881,Dillon,McGhie,dmcghieog@cdc.gov,Male,222.238.30.159,320-44-0347,28
882,Delila,Mougeot,dmougeotoh@liveinternet.ru,Female,200.45.147.174,747-28-9444,23
883,Randie,Gemlett,rgemlettoi@chicagotribune.com,Male,50.206.203.114,779-03-8828,38
884,Rosemary,Ferby,rferbyoj@de.vu,Female,205.73.186.144,347-19-7907,31
885,Karita,Guice,kguiceok@godaddy.com,Female,133.174.65.254,775-53-4702,49
886,Devon,McRobert,dmcrobertol@com.com,Female,45.102.0.189,347-97-5347,23
887,Rudyard,Gouda,rgoudaom@w3.org,Male,0.162.35.41,253-60-6363,28
888,Grissel,Eddis,geddison@wufoo.com,Female,227.139.109.187,549-61-6060,22
889,Francene,Ilbert,filbertoo@comcast.net,Female,240.70.245.210,715-12-6956,29
890,Starlin,Janzen,sjanzenop@auda.org.au,Female,123.213.223.91,172-45-1512,50
891,Georgine,Ramelot,gramelotoq@intel.com,Female,254.43.129.218,154-87-8784,34
892,Kayley,Gourlay,kgourlayor@bandcamp.com,Female,50.213.255.215,134-38-3179,28
893,Harald,Gianulli,hgianullios@wiley.com,Male,112.142.143.145,440-84-0966,31
894,Sileas,Loftus,sloftusot@pbs.org,Female,25.183.187.207,244-18-9016,23
895,Lurlene,Haste,lhasteou@alexa.com,Female,2.191.255.80,297-45-1859,35
896,Ramonda,Scipsey,rscipseyov@amazon.co.jp,Female,26.50.44.99,453-39-4236,35
897,Basil,Otham,bothamow@apple.com,Male,32.186.30.73,229-66-7657,42
898,Leda,Preston,lprestonox@nature.com,Female,154.174.99.79,326-20-1561,27
899,Aldon,Brise,abriseoy@census.gov,Male,35.164.115.104,466-78-0278,24
900,Douglass,MacMakin,dmacmakinoz@rambler.ru,Male,208.63.195.137,237-34-8360,29
901,Orran,Dunbobin,odunbobinp0@illinois.edu,Male,74.89.74.178,790-41-6969,35
902,Erinn,Embury,eemburyp1@51.la,Female,36.21.11.253,562-63-4462,36
903,Madelon,Pedrielli,mpedriellip2@blogtalkradio.com,Female,87.75.244.165,725-67-1636,28
904,Rennie,Corbett,rcorbettp3@ucoz.ru,Female,4.251.12.122,663-26-4938,45
905,Rosemarie,Pavluk,rpavlukp4@php.net,Female,152.235.199.32,726-24-1524,22
906,Thalia,Methingam,tmethingamp5@state.tx.us,Female,205.50.231.76,127-27-9443,26
907,Chev,Arundel,carundelp6@list-manage.com,Male,240.155.188.178,515-59-4596,41
908,Cherey,Brinded,cbrindedp7@webnode.com,Female,65.195.75.105,711-90-0950,26
909,Jeramey,Butfield,jbutfieldp8@ask.com,Male,3.196.131.132,454-97-9512,34
910,Garry,Fischer,gfischerp9@ucoz.ru,Male,82.85.115.101,422-65-4960,25
911,Annalise,Lande,alandepa@opera.com,Female,63.174.248.82,451-23-2665,29
912,Daile,Takkos,dtakkospb@go.com,Female,197.189.152.125,685-91-5579,49
913,Gaven,Timbrell,gtimbrellpc@webnode.com,Male,14.121.121.24,623-67-3186,28
914,Gordon,Bedin,gbedinpd@washington.edu,Male,110.86.152.196,443-69-9191,25
915,Bran,Lorek,blorekpe@scientificamerican.com,Male,53.0.230.240,440-54-8435,50
916,Travis,Swalough,tswaloughpf@xinhuanet.com,Male,173.18.149.40,319-58-7417,36
917,Maisey,Ibbett,mibbettpg@reddit.com,Female,232.225.188.233,384-31-7773,43
918,Kennedy,MacAllen,kmacallenph@theglobeandmail.com,Male,171.100.62.158,858-45-0104,36
919,Kinny,Fenners,kfennerspi@stumbleupon.com,Male,185.12.44.193,737-76-6724,48
920,Leann,MacDiarmond,lmacdiarmondpj@wix.com,Female,58.119.178.59,320-17-4032,36
921,Fanchon,Damrell,fdamrellpk@cbslocal.com,Female,243.140.225.103,491-14-7365,23
922,Maureen,Edgeler,medgelerpl@latimes.com,Female,233.105.18.46,680-66-5057,40
923,Bone,Giorgiutti,bgiorgiuttipm@cnbc.com,Male,40.45.1.139,637-36-2080,34
924,Shelley,Smorthit,ssmorthitpn@xinhuanet.com,Female,28.64.116.93,553-03-5695,25
925,Tatum,Ambroix,tambroixpo@chicagotribune.com,Female,212.188.73.147,623-37-6391,50
926,Hilde,Crowden,hcrowdenpp@msn.com,Female,61.218.149.164,821-12-9997,48
927,Tyson,Klimowicz,tklimowiczpq@ibm.com,Male,102.124.44.57,124-62-0884,36
928,Eugenie,Presslee,epressleepr@trellian.com,Female,97.255.187.112,320-41-0430,47
929,Casey,Ruperti,crupertips@omniture.com,Female,31.232.210.104,545-17-3580,47
930,Ev,Wildish,ewildishpt@naver.com,Male,26.54.199.179,706-21-1671,33
931,Cleavland,Lovstrom,clovstrompu@hc360.com,Male,177.232.213.236,860-63-6653,46
932,Tad,Treneer,ttreneerpv@mozilla.com,Male,101.67.120.200,515-81-2724,32
933,Olenolin,Delmage,odelmagepw@canalblog.com,Male,28.6.73.93,328-98-8949,50
934,Marijo,Newsham,mnewshampx@utexas.edu,Female,171.179.199.53,441-48-3650,41
935,Ferdie,Korneluk,fkornelukpy@narod.ru,Male,200.51.49.169,830-42-9793,32
936,Vincents,Brake,vbrakepz@archive.org,Male,241.60.198.228,384-41-2038,41
937,Cristal,Checcucci,ccheccucciq0@zdnet.com,Female,138.228.129.162,638-52-6834,39
938,Sol,Scougall,sscougallq1@technorati.com,Male,241.11.97.222,455-80-8694,46
939,Washington,Orrum,worrumq2@cbc.ca,Male,250.152.4.72,806-27-0790,25
940,Dal,Esler,deslerq3@rediff.com,Male,117.13.161.120,268-58-5298,30
941,Shepherd,Dalziell,sdalziellq4@foxnews.com,Male,107.131.20.105,587-94-6288,30
942,Teador,Checcuzzi,tcheccuzziq5@buzzfeed.com,Male,103.136.75.208,183-89-1354,50
943,Leicester,Billett,lbillettq6@ucla.edu,Male,210.254.187.46,108-17-2223,30
944,Carlin,Ranger,crangerq7@hhs.gov,Male,164.55.220.111,607-05-7371,49
945,Ivan,Tomalin,itomalinq8@ihg.com,Male,73.76.125.27,116-95-8319,38
946,Jerry,Emlin,jemlinq9@sina.com.cn,Female,94.228.134.224,169-24-7995,28
947,Chance,Maykin,cmaykinqa@yahoo.co.jp,Male,27.135.153.159,137-95-5427,29
948,Melisande,Gainsborough,mgainsboroughqb@sciencedirect.com,Female,217.206.229.166,774-29-3641,24
949,Ellary,Feares,efearesqc@shinystat.com,Male,6.132.219.73,240-28-4464,36
950,Thedric,Baldacchi,tbaldacchiqd@webnode.com,Male,251.179.107.133,750-20-8591,45
951,Bay,Elijahu,belijahuqe@newyorker.com,Male,248.20.29.226,521-99-9315,49
952,Waylin,Krauss,wkraussqf@youtube.com,Male,158.78.218.248,243-13-7099,29
953,Son,Wolpert,swolpertqg@unblog.fr,Male,189.146.70.192,295-47-0042,38
954,Dewie,O'Lynn,dolynnqh@acquirethisname.com,Male,226.35.101.70,468-07-4059,40
955,Engelbert,Power,epowerqi@ihg.com,Male,18.133.32.131,613-01-3601,23
956,Deeanne,Seater,dseaterqj@hao123.com,Female,11.136.225.231,263-31-3773,49
957,Annis,Londesborough,alondesboroughqk@vimeo.com,Female,199.145.98.168,390-89-6681,40
958,Giavani,Renowden,grenowdenql@japanpost.jp,Male,88.248.80.109,828-07-1937,44
959,Stacee,Morde,smordeqm@amazon.co.uk,Female,59.224.94.27,327-89-7563,22
960,Bennett,Simak,bsimakqn@spiegel.de,Male,146.254.85.170,883-18-4220,31
961,Millisent,Pietrzyk,mpietrzykqo@cdbaby.com,Female,202.211.254.63,122-73-8172,36
962,Clywd,Penzer,cpenzerqp@behance.net,Male,72.123.64.224,743-98-4008,44
963,Bailie,Bedenham,bbedenhamqq@live.com,Male,174.91.69.177,381-79-9703,25
964,Gabi,McKeaveney,gmckeaveneyqr@trellian.com,Male,200.231.197.34,520-83-5176,29
965,Rochester,Etherson,rethersonqs@google.ca,Male,196.253.223.173,399-89-9813,40
966,Rozamond,Smeal,rsmealqt@chicagotribune.com,Female,199.35.199.149,128-67-1996,41
967,Sean,Kubal,skubalqu@huffingtonpost.com,Female,68.203.252.209,447-83-5704,28
968,Sheffie,Vasilyev,svasilyevqv@google.es,Male,108.210.204.102,518-04-4889,39
969,Padriac,Charlick,pcharlickqw@simplemachines.org,Male,171.79.226.204,630-29-9715,25
970,Reece,Sowerby,rsowerbyqx@alibaba.com,Male,243.102.56.58,416-96-3905,31
971,Levin,Hedworth,lhedworthqy@cbslocal.com,Male,181.104.138.51,784-30-8027,29
972,Stevie,Crosby,scrosbyqz@newyorker.com,Male,247.33.204.79,118-03-0194,22
973,Sheeree,Windrum,swindrumr0@vistaprint.com,Female,82.197.150.245,778-48-6299,46
974,Ana,Sommerscales,asommerscalesr1@huffingtonpost.com,Female,222.36.57.187,550-25-0221,38
975,Harlin,Peppard,hpeppardr2@google.com,Male,245.139.91.82,174-56-5004,31
976,Gonzalo,Abram,gabramr3@ox.ac.uk,Male,111.204.152.247,772-27-5690,30
977,Daven,Gellibrand,dgellibrandr4@mac.com,Male,187.1.44.95,386-32-1222,30
978,Tommie,Wall,twallr5@epa.gov,Male,157.18.172.59,475-31-6009,25
979,Gaile,Valett,gvalettr6@virginia.edu,Male,54.211.224.103,145-34-8947,48
980,Jonie,Ferencz,jferenczr7@globo.com,Female,145.5.67.0,440-40-0346,23
981,Trudey,Moralas,tmoralasr8@dmoz.org,Female,12.222.171.254,670-28-8136,28
982,Abram,Capnor,acapnorr9@360.cn,Male,85.244.249.196,293-88-5586,26
983,Oralee,Jewise,ojewisera@businessweek.com,Female,80.127.41.153,829-08-8332,33
984,Sal,Errett,serrettrb@dropbox.com,Female,227.82.4.217,220-48-5198,32
985,Frasquito,Tompion,ftompionrc@sciencedirect.com,Male,27.174.107.91,257-17-1403,34
986,Benoit,Grainger,bgraingerrd@samsung.com,Male,238.66.106.12,248-04-5925,37
987,Cacilia,Biggerstaff,cbiggerstaffre@constantcontact.com,Female,150.113.121.141,658-63-0657,26
988,Kippy,Durbin,kdurbinrf@tiny.cc,Female,90.19.242.21,465-86-5600,29
989,Cozmo,Bebb,cbebbrg@csmonitor.com,Male,26.38.65.187,411-08-4685,30
990,Ali,Tokell,atokellrh@yolasite.com,Male,126.239.131.219,561-46-3507,37
991,Rubetta,Moulin,rmoulinri@usatoday.com,Female,129.220.74.217,432-21-8210,22
992,Barry,Thormann,bthormannrj@google.com,Male,162.249.130.183,339-89-5257,24
993,Willy,Brownlow,wbrownlowrk@npr.org,Female,131.226.36.175,332-61-3470,24
994,Joanie,Blunsen,jblunsenrl@wikispaces.com,Female,110.139.152.234,801-33-2131,38
995,Ingaborg,Offord,ioffordrm@hc360.com,Female,72.83.226.155,361-13-0861,38
996,Tate,Cohr,tcohrrn@slideshare.net,Male,18.109.217.173,463-75-2049,25
997,Gustave,Moorton,gmoortonro@ning.com,Male,3.149.254.109,183-90-1195,49
998,Hamlen,Arnefield,harnefieldrp@over-blog.com,Male,133.182.46.10,521-78-1569,32
999,Nye,Kagan,nkaganrq@aol.com,Male,47.43.95.151,223-21-9684,41
1000,Elihu,Foux,efouxrr@wordpress.com,Male,156.74.124.164,457-88-1245,38
